cohort_id,as_of_date,isin,nse_symbol,issuer_name,sector,selection_reason,source_url,source_hash
liquid-2025-03-31,2025-03-31,INE118H01025,BSE,BSE Limited,,traded EQ every one of 60 sessions to 2025-03-31; rank by mean daily traded value (16611321580 INR),https://nsearchives.nseindia.com/content/historical/EQUITIES/2025/MAR/cm31MAR2025bhav.csv.zip,
liquid-2025-03-31,2025-03-31,INE758T01015,ZOMATO,ETERNAL LIMITED,,traded EQ every one of 60 sessions to 2025-03-31; rank by mean daily traded value (15799033141 INR),https://nsearchives.nseindia.com/content/historical/EQUITIES/2025/MAR/cm31MAR2025bhav.csv.zip,
liquid-2025-03-31,2025-03-31,INE002A01018,RELIANCE,Reliance Industries Limited,,traded EQ every one of 60 sessions to 2025-03-31; rank by mean daily traded value (15580671515 INR),https://nsearchives.nseindia.com/content/historical/EQUITIES/2025/MAR/cm31MAR2025bhav.csv.zip,
liquid-2025-03-31,2025-03-31,INE009A01021,INFY,Infosys Limited,,traded EQ every one of 60 sessions to 2025-03-31; rank by mean daily traded value (11970253339 INR),https://nsearchives.nseindia.com/content/historical/EQUITIES/2025/MAR/cm31MAR2025bhav.csv.zip,
liquid-2025-03-31,2025-03-31,INE296A01024,BAJFINANCE,Bajaj Finance Limited,,traded EQ every one of 60 sessions to 2025-03-31; rank by mean daily traded value (10810979860 INR),https://nsearchives.nseindia.com/content/historical/EQUITIES/2025/MAR/cm31MAR2025bhav.csv.zip,
liquid-2025-03-31,2025-03-31,INE397D01024,BHARTIARTL,Bharti Airtel Limited,,traded EQ every one of 60 sessions to 2025-03-31; rank by mean daily traded value (9830800274 INR),https://nsearchives.nseindia.com/content/historical/EQUITIES/2025/MAR/cm31MAR2025bhav.csv.zip,
liquid-2025-03-31,2025-03-31,INE155A01022,TATAMOTORS,Tata Motors Passenger Vehicles Limited,,traded EQ every one of 60 sessions to 2025-03-31; rank by mean daily traded value (9654390231 INR),https://nsearchives.nseindia.com/content/historical/EQUITIES/2025/MAR/cm31MAR2025bhav.csv.zip,
liquid-2025-03-31,2025-03-31,INE467B01029,TCS,Tata Consultancy Services Limited,,traded EQ every one of 60 sessions to 2025-03-31; rank by mean daily traded value (9569151860 INR),https://nsearchives.nseindia.com/content/historical/EQUITIES/2025/MAR/cm31MAR2025bhav.csv.zip,
liquid-2025-03-31,2025-03-31,INE303R01014,KALYANKJIL,Kalyan Jewellers India Limited,,traded EQ every one of 60 sessions to 2025-03-31; rank by mean daily traded value (9541737996 INR),https://nsearchives.nseindia.com/content/historical/EQUITIES/2025/MAR/cm31MAR2025bhav.csv.zip,
liquid-2025-03-31,2025-03-31,INE101A01026,M&M,Mahindra & Mahindra Limited,,traded EQ every one of 60 sessions to 2025-03-31; rank by mean daily traded value (9358983447 INR),https://nsearchives.nseindia.com/content/historical/EQUITIES/2025/MAR/cm31MAR2025bhav.csv.zip,
liquid-2025-03-31,2025-03-31,INE249Z01020,MAZDOCK,Mazagon Dock Shipbuilders Limited,,traded EQ every one of 60 sessions to 2025-03-31; rank by mean daily traded value (8822181234 INR),https://nsearchives.nseindia.com/content/historical/EQUITIES/2025/MAR/cm31MAR2025bhav.csv.zip,
liquid-2025-03-31,2025-03-31,INE066F01020,HAL,Hindustan Aeronautics Limited,,traded EQ every one of 60 sessions to 2025-03-31; rank by mean daily traded value (7720715637 INR),https://nsearchives.nseindia.com/content/historical/EQUITIES/2025/MAR/cm31MAR2025bhav.csv.zip,
liquid-2025-03-31,2025-03-31,INE018A01030,LT,Larsen & Toubro Limited,,traded EQ every one of 60 sessions to 2025-03-31; rank by mean daily traded value (7293801417 INR),https://nsearchives.nseindia.com/content/historical/EQUITIES/2025/MAR/cm31MAR2025bhav.csv.zip,
liquid-2025-03-31,2025-03-31,INE849A01020,TRENT,Trent Limited,,traded EQ every one of 60 sessions to 2025-03-31; rank by mean daily traded value (7177624493 INR),https://nsearchives.nseindia.com/content/historical/EQUITIES/2025/MAR/cm31MAR2025bhav.csv.zip,
liquid-2025-03-31,2025-03-31,INE154A01025,ITC,ITC Limited,,traded EQ every one of 60 sessions to 2025-03-31; rank by mean daily traded value (6404865766 INR),https://nsearchives.nseindia.com/content/historical/EQUITIES/2025/MAR/cm31MAR2025bhav.csv.zip,
liquid-2025-03-31,2025-03-31,INE935N01020,DIXON,Dixon Technologies (India) Limited,,traded EQ every one of 60 sessions to 2025-03-31; rank by mean daily traded value (6142810487 INR),https://nsearchives.nseindia.com/content/historical/EQUITIES/2025/MAR/cm31MAR2025bhav.csv.zip,
liquid-2025-03-31,2025-03-31,INE758E01017,JIOFIN,Jio Financial Services Limited,,traded EQ every one of 60 sessions to 2025-03-31; rank by mean daily traded value (6139245014 INR),https://nsearchives.nseindia.com/content/historical/EQUITIES/2025/MAR/cm31MAR2025bhav.csv.zip,
liquid-2025-03-31,2025-03-31,INE263A01024,BEL,Bharat Electronics Limited,,traded EQ every one of 60 sessions to 2025-03-31; rank by mean daily traded value (5957788367 INR),https://nsearchives.nseindia.com/content/historical/EQUITIES/2025/MAR/cm31MAR2025bhav.csv.zip,
liquid-2025-03-31,2025-03-31,INE860A01027,HCLTECH,HCL Technologies Limited,,traded EQ every one of 60 sessions to 2025-03-31; rank by mean daily traded value (5359427268 INR),https://nsearchives.nseindia.com/content/historical/EQUITIES/2025/MAR/cm31MAR2025bhav.csv.zip,
liquid-2025-03-31,2025-03-31,INE736A01011,CDSL,Central Depository Services (India) Limited,,traded EQ every one of 60 sessions to 2025-03-31; rank by mean daily traded value (5351804157 INR),https://nsearchives.nseindia.com/content/historical/EQUITIES/2025/MAR/cm31MAR2025bhav.csv.zip,
liquid-2025-03-31,2025-03-31,INE00H001014,SWIGGY,Swiggy Limited,,traded EQ every one of 60 sessions to 2025-03-31; rank by mean daily traded value (5156267882 INR),https://nsearchives.nseindia.com/content/historical/EQUITIES/2025/MAR/cm31MAR2025bhav.csv.zip,
liquid-2025-03-31,2025-03-31,INE982J01020,PAYTM,One 97 Communications Limited,,traded EQ every one of 60 sessions to 2025-03-31; rank by mean daily traded value (5124176572 INR),https://nsearchives.nseindia.com/content/historical/EQUITIES/2025/MAR/cm31MAR2025bhav.csv.zip,
liquid-2025-03-31,2025-03-31,INE371P01015,AMBER,Amber Enterprises India Limited,,traded EQ every one of 60 sessions to 2025-03-31; rank by mean daily traded value (5003200117 INR),https://nsearchives.nseindia.com/content/historical/EQUITIES/2025/MAR/cm31MAR2025bhav.csv.zip,
liquid-2025-03-31,2025-03-31,INE585B01010,MARUTI,Maruti Suzuki India Limited,,traded EQ every one of 60 sessions to 2025-03-31; rank by mean daily traded value (4920292376 INR),https://nsearchives.nseindia.com/content/historical/EQUITIES/2025/MAR/cm31MAR2025bhav.csv.zip,
liquid-2025-03-31,2025-03-31,INE591G01017,COFORGE,Coforge Limited,,traded EQ every one of 60 sessions to 2025-03-31; rank by mean daily traded value (4877303714 INR),https://nsearchives.nseindia.com/content/historical/EQUITIES/2025/MAR/cm31MAR2025bhav.csv.zip,
liquid-2025-03-31,2025-03-31,INE0HLU01028,MOBIKWIK,One Mobikwik Systems Limited,,traded EQ every one of 60 sessions to 2025-03-31; rank by mean daily traded value (4835137202 INR),https://nsearchives.nseindia.com/content/historical/EQUITIES/2025/MAR/cm31MAR2025bhav.csv.zip,
liquid-2025-03-31,2025-03-31,INE918Z01012,KAYNES,Kaynes Technology India Limited,,traded EQ every one of 60 sessions to 2025-03-31; rank by mean daily traded value (4730962475 INR),https://nsearchives.nseindia.com/content/historical/EQUITIES/2025/MAR/cm31MAR2025bhav.csv.zip,
liquid-2025-03-31,2025-03-31,INE081A01020,TATASTEEL,Tata Steel Limited,,traded EQ every one of 60 sessions to 2025-03-31; rank by mean daily traded value (4723531943 INR),https://nsearchives.nseindia.com/content/historical/EQUITIES/2025/MAR/cm31MAR2025bhav.csv.zip,
liquid-2025-03-31,2025-03-31,INE200M01039,VBL,Varun Beverages Limited,,traded EQ every one of 60 sessions to 2025-03-31; rank by mean daily traded value (4598072441 INR),https://nsearchives.nseindia.com/content/historical/EQUITIES/2025/MAR/cm31MAR2025bhav.csv.zip,
liquid-2025-03-31,2025-03-31,INE733E01010,NTPC,NTPC Limited,,traded EQ every one of 60 sessions to 2025-03-31; rank by mean daily traded value (4597499489 INR),https://nsearchives.nseindia.com/content/historical/EQUITIES/2025/MAR/cm31MAR2025bhav.csv.zip,
liquid-2025-03-31,2025-03-31,INE364U01010,ADANIGREEN,Adani Green Energy Limited,,traded EQ every one of 60 sessions to 2025-03-31; rank by mean daily traded value (4596353731 INR),https://nsearchives.nseindia.com/content/historical/EQUITIES/2025/MAR/cm31MAR2025bhav.csv.zip,
liquid-2025-03-31,2025-03-31,INE415G01027,RVNL,Rail Vikas Nigam Limited,,traded EQ every one of 60 sessions to 2025-03-31; rank by mean daily traded value (4563361884 INR),https://nsearchives.nseindia.com/content/historical/EQUITIES/2025/MAR/cm31MAR2025bhav.csv.zip,
liquid-2025-03-31,2025-03-31,INE455K01017,POLYCAB,Polycab India Limited,,traded EQ every one of 60 sessions to 2025-03-31; rank by mean daily traded value (4338024990 INR),https://nsearchives.nseindia.com/content/historical/EQUITIES/2025/MAR/cm31MAR2025bhav.csv.zip,
liquid-2025-03-31,2025-03-31,INE481G01011,ULTRACEMCO,UltraTech Cement Limited,,traded EQ every one of 60 sessions to 2025-03-31; rank by mean daily traded value (4248180659 INR),https://nsearchives.nseindia.com/content/historical/EQUITIES/2025/MAR/cm31MAR2025bhav.csv.zip,
liquid-2025-03-31,2025-03-31,INE030A01027,HINDUNILVR,Hindustan Unilever Limited,,traded EQ every one of 60 sessions to 2025-03-31; rank by mean daily traded value (4029282380 INR),https://nsearchives.nseindia.com/content/historical/EQUITIES/2025/MAR/cm31MAR2025bhav.csv.zip,
liquid-2025-03-31,2025-03-31,INE646L01027,INDIGO,InterGlobe Aviation Limited,,traded EQ every one of 60 sessions to 2025-03-31; rank by mean daily traded value (3963862892 INR),https://nsearchives.nseindia.com/content/historical/EQUITIES/2025/MAR/cm31MAR2025bhav.csv.zip,
liquid-2025-03-31,2025-03-31,INE752E01010,POWERGRID,Power Grid Corporation of India Limited,,traded EQ every one of 60 sessions to 2025-03-31; rank by mean daily traded value (3928971459 INR),https://nsearchives.nseindia.com/content/historical/EQUITIES/2025/MAR/cm31MAR2025bhav.csv.zip,
liquid-2025-03-31,2025-03-31,INE669E01016,IDEA,Vodafone Idea Limited,,traded EQ every one of 60 sessions to 2025-03-31; rank by mean daily traded value (3835890070 INR),https://nsearchives.nseindia.com/content/historical/EQUITIES/2025/MAR/cm31MAR2025bhav.csv.zip,
liquid-2025-03-31,2025-03-31,INE020B01018,RECLTD,REC Limited,,traded EQ every one of 60 sessions to 2025-03-31; rank by mean daily traded value (3816675977 INR),https://nsearchives.nseindia.com/content/historical/EQUITIES/2025/MAR/cm31MAR2025bhav.csv.zip,
liquid-2025-03-31,2025-03-31,INE075A01022,WIPRO,Wipro Limited,,traded EQ every one of 60 sessions to 2025-03-31; rank by mean daily traded value (3746114527 INR),https://nsearchives.nseindia.com/content/historical/EQUITIES/2025/MAR/cm31MAR2025bhav.csv.zip,
liquid-2025-03-31,2025-03-31,INE918I01026,BAJAJFINSV,Bajaj Finserv Limited,,traded EQ every one of 60 sessions to 2025-03-31; rank by mean daily traded value (3731170946 INR),https://nsearchives.nseindia.com/content/historical/EQUITIES/2025/MAR/cm31MAR2025bhav.csv.zip,
liquid-2025-03-31,2025-03-31,INE038A01020,HINDALCO,Hindalco Industries Limited,,traded EQ every one of 60 sessions to 2025-03-31; rank by mean daily traded value (3709244125 INR),https://nsearchives.nseindia.com/content/historical/EQUITIES/2025/MAR/cm31MAR2025bhav.csv.zip,
liquid-2025-03-31,2025-03-31,INE134E01011,PFC,Power Finance Corporation Limited,,traded EQ every one of 60 sessions to 2025-03-31; rank by mean daily traded value (3693253799 INR),https://nsearchives.nseindia.com/content/historical/EQUITIES/2025/MAR/cm31MAR2025bhav.csv.zip,
liquid-2025-03-31,2025-03-31,INE044A01036,SUNPHARMA,Sun Pharmaceutical Industries Limited,,traded EQ every one of 60 sessions to 2025-03-31; rank by mean daily traded value (3595178491 INR),https://nsearchives.nseindia.com/content/historical/EQUITIES/2025/MAR/cm31MAR2025bhav.csv.zip,
liquid-2025-03-31,2025-03-31,INE205A01025,VEDL,Vedanta Limited,,traded EQ every one of 60 sessions to 2025-03-31; rank by mean daily traded value (3540168326 INR),https://nsearchives.nseindia.com/content/historical/EQUITIES/2025/MAR/cm31MAR2025bhav.csv.zip,
liquid-2025-03-31,2025-03-31,INE917I01010,BAJAJ-AUTO,Bajaj Auto Limited,,traded EQ every one of 60 sessions to 2025-03-31; rank by mean daily traded value (3497775277 INR),https://nsearchives.nseindia.com/content/historical/EQUITIES/2025/MAR/cm31MAR2025bhav.csv.zip,
liquid-2025-03-31,2025-03-31,INE814H01011,ADANIPOWER,Adani Power Limited,,traded EQ every one of 60 sessions to 2025-03-31; rank by mean daily traded value (3401710348 INR),https://nsearchives.nseindia.com/content/historical/EQUITIES/2025/MAR/cm31MAR2025bhav.csv.zip,
liquid-2025-03-31,2025-03-31,INE732I01013,ANGELONE,Angel One Limited,,traded EQ every one of 60 sessions to 2025-03-31; rank by mean daily traded value (3391602154 INR),https://nsearchives.nseindia.com/content/historical/EQUITIES/2025/MAR/cm31MAR2025bhav.csv.zip,
liquid-2025-03-31,2025-03-31,INE377N01017,WAAREEENER,Waaree Energies Limited,,traded EQ every one of 60 sessions to 2025-03-31; rank by mean daily traded value (3370073187 INR),https://nsearchives.nseindia.com/content/historical/EQUITIES/2025/MAR/cm31MAR2025bhav.csv.zip,
liquid-2025-03-31,2025-03-31,INE742F01042,ADANIPORTS,Adani Ports and Special Economic Zone Limited,,traded EQ every one of 60 sessions to 2025-03-31; rank by mean daily traded value (3353310167 INR),https://nsearchives.nseindia.com/content/historical/EQUITIES/2025/MAR/cm31MAR2025bhav.csv.zip,
liquid-2025-03-31,2025-03-31,INE262H01021,PERSISTENT,Persistent Systems Limited,,traded EQ every one of 60 sessions to 2025-03-31; rank by mean daily traded value (3313364536 INR),https://nsearchives.nseindia.com/content/historical/EQUITIES/2025/MAR/cm31MAR2025bhav.csv.zip,
liquid-2025-03-31,2025-03-31,INE208C01025,AEGISLOG,Aegis Logistics Limited,,traded EQ every one of 60 sessions to 2025-03-31; rank by mean daily traded value (3266551313 INR),https://nsearchives.nseindia.com/content/historical/EQUITIES/2025/MAR/cm31MAR2025bhav.csv.zip,
liquid-2025-03-31,2025-03-31,INE522D01027,MANAPPURAM,Manappuram Finance Limited,,traded EQ every one of 60 sessions to 2025-03-31; rank by mean daily traded value (3255666648 INR),https://nsearchives.nseindia.com/content/historical/EQUITIES/2025/MAR/cm31MAR2025bhav.csv.zip,
liquid-2025-03-31,2025-03-31,INE280A01028,TITAN,Titan Company Limited,,traded EQ every one of 60 sessions to 2025-03-31; rank by mean daily traded value (3221888055 INR),https://nsearchives.nseindia.com/content/historical/EQUITIES/2025/MAR/cm31MAR2025bhav.csv.zip,
liquid-2025-03-31,2025-03-31,INE213A01029,ONGC,Oil & Natural Gas Corporation Limited,,traded EQ every one of 60 sessions to 2025-03-31; rank by mean daily traded value (3206212996 INR),https://nsearchives.nseindia.com/content/historical/EQUITIES/2025/MAR/cm31MAR2025bhav.csv.zip,
liquid-2025-03-31,2025-03-31,INE053F01010,IRFC,,,traded EQ every one of 60 sessions to 2025-03-31; rank by mean daily traded value (3203566788 INR),https://nsearchives.nseindia.com/content/historical/EQUITIES/2025/MAR/cm31MAR2025bhav.csv.zip,
liquid-2025-03-31,2025-03-31,INE040H01021,SUZLON,Suzlon Energy Limited,,traded EQ every one of 60 sessions to 2025-03-31; rank by mean daily traded value (3181126766 INR),https://nsearchives.nseindia.com/content/historical/EQUITIES/2025/MAR/cm31MAR2025bhav.csv.zip,
liquid-2025-03-31,2025-03-31,INE423A01024,ADANIENT,Adani Enterprises Limited,,traded EQ every one of 60 sessions to 2025-03-31; rank by mean daily traded value (3112096974 INR),https://nsearchives.nseindia.com/content/historical/EQUITIES/2025/MAR/cm31MAR2025bhav.csv.zip,
liquid-2025-03-31,2025-03-31,INE417T01026,POLICYBZR,PB Fintech Limited,,traded EQ every one of 60 sessions to 2025-03-31; rank by mean daily traded value (3093329628 INR),https://nsearchives.nseindia.com/content/historical/EQUITIES/2025/MAR/cm31MAR2025bhav.csv.zip,
liquid-2025-03-31,2025-03-31,INE202E01016,IREDA,,,traded EQ every one of 60 sessions to 2025-03-31; rank by mean daily traded value (3043075060 INR),https://nsearchives.nseindia.com/content/historical/EQUITIES/2025/MAR/cm31MAR2025bhav.csv.zip,
liquid-2025-03-31,2025-03-31,INE669C01036,TECHM,Tech Mahindra Limited,,traded EQ every one of 60 sessions to 2025-03-31; rank by mean daily traded value (3031451566 INR),https://nsearchives.nseindia.com/content/historical/EQUITIES/2025/MAR/cm31MAR2025bhav.csv.zip,
liquid-2025-03-31,2025-03-31,INE029A01011,BPCL,Bharat Petroleum Corporation Limited,,traded EQ every one of 60 sessions to 2025-03-31; rank by mean daily traded value (2986491543 INR),https://nsearchives.nseindia.com/content/historical/EQUITIES/2025/MAR/cm31MAR2025bhav.csv.zip,
liquid-2025-03-31,2025-03-31,INE741K01010,CREDITACC,CREDITACCESS GRAMEEN LIMITED,,traded EQ every one of 60 sessions to 2025-03-31; rank by mean daily traded value (2941424574 INR),https://nsearchives.nseindia.com/content/historical/EQUITIES/2025/MAR/cm31MAR2025bhav.csv.zip,
liquid-2025-03-31,2025-03-31,INE192R01011,DMART,Avenue Supermarts Limited,,traded EQ every one of 60 sessions to 2025-03-31; rank by mean daily traded value (2914910212 INR),https://nsearchives.nseindia.com/content/historical/EQUITIES/2025/MAR/cm31MAR2025bhav.csv.zip,
liquid-2025-03-31,2025-03-31,INE257A01026,BHEL,Bharat Heavy Electricals Limited,,traded EQ every one of 60 sessions to 2025-03-31; rank by mean daily traded value (2899387415 INR),https://nsearchives.nseindia.com/content/historical/EQUITIES/2025/MAR/cm31MAR2025bhav.csv.zip,
liquid-2025-03-31,2025-03-31,INE021A01026,ASIANPAINT,Asian Paints Limited,,traded EQ every one of 60 sessions to 2025-03-31; rank by mean daily traded value (2870626893 INR),https://nsearchives.nseindia.com/content/historical/EQUITIES/2025/MAR/cm31MAR2025bhav.csv.zip,
liquid-2025-03-31,2025-03-31,INE053A01029,INDHOTEL,The Indian Hotels Company Limited,,traded EQ every one of 60 sessions to 2025-03-31; rank by mean daily traded value (2849820275 INR),https://nsearchives.nseindia.com/content/historical/EQUITIES/2025/MAR/cm31MAR2025bhav.csv.zip,
liquid-2025-03-31,2025-03-31,INE226A01021,VOLTAS,Voltas Limited,,traded EQ every one of 60 sessions to 2025-03-31; rank by mean daily traded value (2846300695 INR),https://nsearchives.nseindia.com/content/historical/EQUITIES/2025/MAR/cm31MAR2025bhav.csv.zip,
liquid-2025-03-31,2025-03-31,INE271C01023,DLF,DLF Limited,,traded EQ every one of 60 sessions to 2025-03-31; rank by mean daily traded value (2789489161 INR),https://nsearchives.nseindia.com/content/historical/EQUITIES/2025/MAR/cm31MAR2025bhav.csv.zip,
liquid-2025-03-31,2025-03-31,INE121E01018,JSWENERGY,JSW Energy Limited,,traded EQ every one of 60 sessions to 2025-03-31; rank by mean daily traded value (2735818660 INR),https://nsearchives.nseindia.com/content/historical/EQUITIES/2025/MAR/cm31MAR2025bhav.csv.zip,
liquid-2025-03-31,2025-03-31,INE117A01022,ABB,ABB India Limited,,traded EQ every one of 60 sessions to 2025-03-31; rank by mean daily traded value (2714279002 INR),https://nsearchives.nseindia.com/content/historical/EQUITIES/2025/MAR/cm31MAR2025bhav.csv.zip,
liquid-2025-03-31,2025-03-31,INE522F01014,COALINDIA,Coal India Limited,,traded EQ every one of 60 sessions to 2025-03-31; rank by mean daily traded value (2713935196 INR),https://nsearchives.nseindia.com/content/historical/EQUITIES/2025/MAR/cm31MAR2025bhav.csv.zip,
liquid-2025-03-31,2025-03-31,INE0V6F01027,HYUNDAI,Hyundai Motor India Limited,,traded EQ every one of 60 sessions to 2025-03-31; rank by mean daily traded value (2702595904 INR),https://nsearchives.nseindia.com/content/historical/EQUITIES/2025/MAR/cm31MAR2025bhav.csv.zip,
liquid-2025-03-31,2025-03-31,INE878B01027,KEI,KEI Industries Limited,,traded EQ every one of 60 sessions to 2025-03-31; rank by mean daily traded value (2698152722 INR),https://nsearchives.nseindia.com/content/historical/EQUITIES/2025/MAR/cm31MAR2025bhav.csv.zip,
liquid-2025-03-31,2025-03-31,INE003A01024,SIEMENS,Siemens Limited,,traded EQ every one of 60 sessions to 2025-03-31; rank by mean daily traded value (2693300493 INR),https://nsearchives.nseindia.com/content/historical/EQUITIES/2025/MAR/cm31MAR2025bhav.csv.zip,
liquid-2025-03-31,2025-03-31,INE027H01010,MAXHEALTH,Max Healthcare Institute Limited,,traded EQ every one of 60 sessions to 2025-03-31; rank by mean daily traded value (2649130457 INR),https://nsearchives.nseindia.com/content/historical/EQUITIES/2025/MAR/cm31MAR2025bhav.csv.zip,
liquid-2025-03-31,2025-03-31,INE089A01031,DRREDDY,Dr. Reddy's Laboratories Limited,,traded EQ every one of 60 sessions to 2025-03-31; rank by mean daily traded value (2637195431 INR),https://nsearchives.nseindia.com/content/historical/EQUITIES/2025/MAR/cm31MAR2025bhav.csv.zip,
liquid-2025-03-31,2025-03-31,INE121A01024,CHOLAFIN,Cholamandalam Investment and Finance Company Limited,,traded EQ every one of 60 sessions to 2025-03-31; rank by mean daily traded value (2636491083 INR),https://nsearchives.nseindia.com/content/historical/EQUITIES/2025/MAR/cm31MAR2025bhav.csv.zip,
liquid-2025-03-31,2025-03-31,INE245A01021,TATAPOWER,Tata Power Company Limited,,traded EQ every one of 60 sessions to 2025-03-31; rank by mean daily traded value (2607519045 INR),https://nsearchives.nseindia.com/content/historical/EQUITIES/2025/MAR/cm31MAR2025bhav.csv.zip,
liquid-2025-03-31,2025-03-31,INE067A01029,CGPOWER,CG Power and Industrial Solutions Limited,,traded EQ every one of 60 sessions to 2025-03-31; rank by mean daily traded value (2557754745 INR),https://nsearchives.nseindia.com/content/historical/EQUITIES/2025/MAR/cm31MAR2025bhav.csv.zip,
liquid-2025-03-31,2025-03-31,INE0LXG01040,OLAELEC,Ola Electric Mobility Limited,,traded EQ every one of 60 sessions to 2025-03-31; rank by mean daily traded value (2542810585 INR),https://nsearchives.nseindia.com/content/historical/EQUITIES/2025/MAR/cm31MAR2025bhav.csv.zip,
liquid-2025-03-31,2025-03-31,INE663F01024,NAUKRI,Info Edge (India) Limited,,traded EQ every one of 60 sessions to 2025-03-31; rank by mean daily traded value (2541459526 INR),https://nsearchives.nseindia.com/content/historical/EQUITIES/2025/MAR/cm31MAR2025bhav.csv.zip,
liquid-2025-03-31,2025-03-31,INE01EA01019,VMM,Vishal Mega Mart Limited,,traded EQ every one of 60 sessions to 2025-03-31; rank by mean daily traded value (2529313244 INR),https://nsearchives.nseindia.com/content/historical/EQUITIES/2025/MAR/cm31MAR2025bhav.csv.zip,
liquid-2025-03-31,2025-03-31,INE437A01024,APOLLOHOSP,Apollo Hospitals Enterprise Limited,,traded EQ every one of 60 sessions to 2025-03-31; rank by mean daily traded value (2516534324 INR),https://nsearchives.nseindia.com/content/historical/EQUITIES/2025/MAR/cm31MAR2025bhav.csv.zip,
liquid-2025-03-31,2025-03-31,INE121J01017,INDUSTOWER,Indus Towers Limited,,traded EQ every one of 60 sessions to 2025-03-31; rank by mean daily traded value (2508094665 INR),https://nsearchives.nseindia.com/content/historical/EQUITIES/2025/MAR/cm31MAR2025bhav.csv.zip,
liquid-2025-03-31,2025-03-31,INE066A01021,EICHERMOT,Eicher Motors Limited,,traded EQ every one of 60 sessions to 2025-03-31; rank by mean daily traded value (2501155863 INR),https://nsearchives.nseindia.com/content/historical/EQUITIES/2025/MAR/cm31MAR2025bhav.csv.zip,
liquid-2025-03-31,2025-03-31,INE129A01019,GAIL,GAIL (India) Limited,,traded EQ every one of 60 sessions to 2025-03-31; rank by mean daily traded value (2500121864 INR),https://nsearchives.nseindia.com/content/historical/EQUITIES/2025/MAR/cm31MAR2025bhav.csv.zip,
liquid-2025-03-31,2025-03-31,INE209L01016,JWL,Jupiter Wagons Limited,,traded EQ every one of 60 sessions to 2025-03-31; rank by mean daily traded value (2469190762 INR),https://nsearchives.nseindia.com/content/historical/EQUITIES/2025/MAR/cm31MAR2025bhav.csv.zip,
liquid-2025-03-31,2025-03-31,INE216A01030,BRITANNIA,Britannia Industries Limited,,traded EQ every one of 60 sessions to 2025-03-31; rank by mean daily traded value (2444395874 INR),https://nsearchives.nseindia.com/content/historical/EQUITIES/2025/MAR/cm31MAR2025bhav.csv.zip,
liquid-2025-03-31,2025-03-31,INE745G01035,MCX,,,traded EQ every one of 60 sessions to 2025-03-31; rank by mean daily traded value (2428507993 INR),https://nsearchives.nseindia.com/content/historical/EQUITIES/2025/MAR/cm31MAR2025bhav.csv.zip,
liquid-2025-03-31,2025-03-31,INE647A01010,SRF,SRF Limited,,traded EQ every one of 60 sessions to 2025-03-31; rank by mean daily traded value (2402380694 INR),https://nsearchives.nseindia.com/content/historical/EQUITIES/2025/MAR/cm31MAR2025bhav.csv.zip,
liquid-2025-03-31,2025-03-31,INE158A01026,HEROMOTOCO,Hero MotoCorp Limited,,traded EQ every one of 60 sessions to 2025-03-31; rank by mean daily traded value (2400868627 INR),https://nsearchives.nseindia.com/content/historical/EQUITIES/2025/MAR/cm31MAR2025bhav.csv.zip,
liquid-2025-03-31,2025-03-31,INE260B01028,GODFRYPHLP,Godfrey Phillips India Limited,,traded EQ every one of 60 sessions to 2025-03-31; rank by mean daily traded value (2345925430 INR),https://nsearchives.nseindia.com/content/historical/EQUITIES/2025/MAR/cm31MAR2025bhav.csv.zip,
liquid-2025-03-31,2025-03-31,INE382Z01011,GRSE,Garden Reach Shipbuilders & Engineers Limited,,traded EQ every one of 60 sessions to 2025-03-31; rank by mean daily traded value (2207381201 INR),https://nsearchives.nseindia.com/content/historical/EQUITIES/2025/MAR/cm31MAR2025bhav.csv.zip,
liquid-2025-03-31,2025-03-31,INE059A01026,CIPLA,Cipla Limited,,traded EQ every one of 60 sessions to 2025-03-31; rank by mean daily traded value (2193932005 INR),https://nsearchives.nseindia.com/content/historical/EQUITIES/2025/MAR/cm31MAR2025bhav.csv.zip,
liquid-2025-03-31,2025-03-31,INE361B01024,DIVISLAB,Divi's Laboratories Limited,,traded EQ every one of 60 sessions to 2025-03-31; rank by mean daily traded value (2175612641 INR),https://nsearchives.nseindia.com/content/historical/EQUITIES/2025/MAR/cm31MAR2025bhav.csv.zip,
liquid-2025-03-31,2025-03-31,INE749A01030,JINDALSTEL,JINDAL STEEL LIMITED,,traded EQ every one of 60 sessions to 2025-03-31; rank by mean daily traded value (2152492415 INR),https://nsearchives.nseindia.com/content/historical/EQUITIES/2025/MAR/cm31MAR2025bhav.csv.zip,
liquid-2025-03-31,2025-03-31,INE114A01011,SAIL,Steel Authority of India Limited,,traded EQ every one of 60 sessions to 2025-03-31; rank by mean daily traded value (2142001023 INR),https://nsearchives.nseindia.com/content/historical/EQUITIES/2025/MAR/cm31MAR2025bhav.csv.zip,
liquid-2025-03-31,2025-03-31,INE775A01035,MOTHERSON,Samvardhana Motherson International Limited,,traded EQ every one of 60 sessions to 2025-03-31; rank by mean daily traded value (2137134612 INR),https://nsearchives.nseindia.com/content/historical/EQUITIES/2025/MAR/cm31MAR2025bhav.csv.zip,
liquid-2025-03-31,2025-03-31,INE484J01027,GODREJPROP,Godrej Properties Limited,,traded EQ every one of 60 sessions to 2025-03-31; rank by mean daily traded value (2123887019 INR),https://nsearchives.nseindia.com/content/historical/EQUITIES/2025/MAR/cm31MAR2025bhav.csv.zip,
liquid-2025-03-31,2025-03-31,INE596I01012,CAMS,Computer Age Management Services Limited,,traded EQ every one of 60 sessions to 2025-03-31; rank by mean daily traded value (2102144958 INR),https://nsearchives.nseindia.com/content/historical/EQUITIES/2025/MAR/cm31MAR2025bhav.csv.zip,
liquid-2025-03-31,2025-03-31,INE094A01015,HINDPETRO,Hindustan Petroleum Corporation Limited,,traded EQ every one of 60 sessions to 2025-03-31; rank by mean daily traded value (2090168348 INR),https://nsearchives.nseindia.com/content/historical/EQUITIES/2025/MAR/cm31MAR2025bhav.csv.zip,
liquid-2025-03-31,2025-03-31,INE0Q3J01015,KRN,KRN Heat Exchanger and Refrigeration Limited,,traded EQ every one of 60 sessions to 2025-03-31; rank by mean daily traded value (2087006330 INR),https://nsearchives.nseindia.com/content/historical/EQUITIES/2025/MAR/cm31MAR2025bhav.csv.zip,
liquid-2025-03-31,2025-03-31,INE0BS701011,PREMIERENE,Premier Energies Limited,,traded EQ every one of 60 sessions to 2025-03-31; rank by mean daily traded value (2053135641 INR),https://nsearchives.nseindia.com/content/historical/EQUITIES/2025/MAR/cm31MAR2025bhav.csv.zip,
liquid-2025-03-31,2025-03-31,INE153T01027,BLS,BLS International Services Limited,,traded EQ every one of 60 sessions to 2025-03-31; rank by mean daily traded value (2048009245 INR),https://nsearchives.nseindia.com/content/historical/EQUITIES/2025/MAR/cm31MAR2025bhav.csv.zip,
liquid-2025-03-31,2025-03-31,INE139A01034,NATIONALUM,National Aluminium Company Limited,,traded EQ every one of 60 sessions to 2025-03-31; rank by mean daily traded value (2046584101 INR),https://nsearchives.nseindia.com/content/historical/EQUITIES/2025/MAR/cm31MAR2025bhav.csv.zip,
liquid-2025-03-31,2025-03-31,INE795G01014,HDFCLIFE,,,traded EQ every one of 60 sessions to 2025-03-31; rank by mean daily traded value (2016225868 INR),https://nsearchives.nseindia.com/content/historical/EQUITIES/2025/MAR/cm31MAR2025bhav.csv.zip,
liquid-2025-03-31,2025-03-31,INE214T01019,LTIM,LTM Limited,,traded EQ every one of 60 sessions to 2025-03-31; rank by mean daily traded value (2008032584 INR),https://nsearchives.nseindia.com/content/historical/EQUITIES/2025/MAR/cm31MAR2025bhav.csv.zip,
liquid-2025-03-31,2025-03-31,INE520A01027,ZENSARTECH,Zensar Technologies Limited,,traded EQ every one of 60 sessions to 2025-03-31; rank by mean daily traded value (2004943747 INR),https://nsearchives.nseindia.com/content/historical/EQUITIES/2025/MAR/cm31MAR2025bhav.csv.zip,
liquid-2025-03-31,2025-03-31,INE670K01029,LODHA,Lodha Developers Limited,,traded EQ every one of 60 sessions to 2025-03-31; rank by mean daily traded value (2000027527 INR),https://nsearchives.nseindia.com/content/historical/EQUITIES/2025/MAR/cm31MAR2025bhav.csv.zip,
liquid-2025-03-31,2025-03-31,INE0IX101010,DATAPATTNS,Data Patterns (India) Limited,,traded EQ every one of 60 sessions to 2025-03-31; rank by mean daily traded value (1970312193 INR),https://nsearchives.nseindia.com/content/historical/EQUITIES/2025/MAR/cm31MAR2025bhav.csv.zip,
liquid-2025-03-31,2025-03-31,INE338I01027,MOTILALOFS,Motilal Oswal Financial Services Limited,,traded EQ every one of 60 sessions to 2025-03-31; rank by mean daily traded value (1954470912 INR),https://nsearchives.nseindia.com/content/historical/EQUITIES/2025/MAR/cm31MAR2025bhav.csv.zip,
liquid-2025-03-31,2025-03-31,INE494B01023,TVSMOTOR,TVS Motor Company Limited,,traded EQ every one of 60 sessions to 2025-03-31; rank by mean daily traded value (1952228483 INR),https://nsearchives.nseindia.com/content/historical/EQUITIES/2025/MAR/cm31MAR2025bhav.csv.zip,
liquid-2025-03-31,2025-03-31,INE031A01017,HUDCO,,,traded EQ every one of 60 sessions to 2025-03-31; rank by mean daily traded value (1941759711 INR),https://nsearchives.nseindia.com/content/historical/EQUITIES/2025/MAR/cm31MAR2025bhav.csv.zip,
liquid-2025-03-31,2025-03-31,INE066P01011,INOXWIND,Inox Wind Limited,,traded EQ every one of 60 sessions to 2025-03-31; rank by mean daily traded value (1893195767 INR),https://nsearchives.nseindia.com/content/historical/EQUITIES/2025/MAR/cm31MAR2025bhav.csv.zip,
liquid-2025-03-31,2025-03-31,INE454P01035,TRANSRAILL,Transrail Lighting Limited,,traded EQ every one of 60 sessions to 2025-03-31; rank by mean daily traded value (1890340351 INR),https://nsearchives.nseindia.com/content/historical/EQUITIES/2025/MAR/cm31MAR2025bhav.csv.zip,
liquid-2025-03-31,2025-03-31,INE123W01016,SBILIFE,,,traded EQ every one of 60 sessions to 2025-03-31; rank by mean daily traded value (1870078855 INR),https://nsearchives.nseindia.com/content/historical/EQUITIES/2025/MAR/cm31MAR2025bhav.csv.zip,
liquid-2025-03-31,2025-03-31,INE615H01020,TITAGARH,TITAGARH RAIL SYSTEMS LIMITED,,traded EQ every one of 60 sessions to 2025-03-31; rank by mean daily traded value (1853505657 INR),https://nsearchives.nseindia.com/content/historical/EQUITIES/2025/MAR/cm31MAR2025bhav.csv.zip,
liquid-2025-03-31,2025-03-31,INE242A01010,IOC,Indian Oil Corporation Limited,,traded EQ every one of 60 sessions to 2025-03-31; rank by mean daily traded value (1815162614 INR),https://nsearchives.nseindia.com/content/historical/EQUITIES/2025/MAR/cm31MAR2025bhav.csv.zip,
liquid-2025-03-31,2025-03-31,INE931S01010,ADANIENSOL,Adani Energy Solutions Limited,,traded EQ every one of 60 sessions to 2025-03-31; rank by mean daily traded value (1805130831 INR),https://nsearchives.nseindia.com/content/historical/EQUITIES/2025/MAR/cm31MAR2025bhav.csv.zip,
liquid-2025-03-31,2025-03-31,INE208A01029,ASHOKLEY,Ashok Leyland Limited,,traded EQ every one of 60 sessions to 2025-03-31; rank by mean daily traded value (1801975107 INR),https://nsearchives.nseindia.com/content/historical/EQUITIES/2025/MAR/cm31MAR2025bhav.csv.zip,
liquid-2025-03-31,2025-03-31,INE298A01020,CUMMINSIND,Cummins India Limited,,traded EQ every one of 60 sessions to 2025-03-31; rank by mean daily traded value (1781185342 INR),https://nsearchives.nseindia.com/content/historical/EQUITIES/2025/MAR/cm31MAR2025bhav.csv.zip,
liquid-2025-03-31,2025-03-31,INE127D01025,HDFCAMC,HDFC Asset Management Company Limited,,traded EQ every one of 60 sessions to 2025-03-31; rank by mean daily traded value (1779873710 INR),https://nsearchives.nseindia.com/content/historical/EQUITIES/2025/MAR/cm31MAR2025bhav.csv.zip,
liquid-2025-03-31,2025-03-31,INE326A01037,LUPIN,Lupin Limited,,traded EQ every one of 60 sessions to 2025-03-31; rank by mean daily traded value (1772443616 INR),https://nsearchives.nseindia.com/content/historical/EQUITIES/2025/MAR/cm31MAR2025bhav.csv.zip,
liquid-2025-03-31,2025-03-31,INE0DK501011,PPLPHARMA,Piramal Pharma Limited,,traded EQ every one of 60 sessions to 2025-03-31; rank by mean daily traded value (1767514756 INR),https://nsearchives.nseindia.com/content/historical/EQUITIES/2025/MAR/cm31MAR2025bhav.csv.zip,
liquid-2025-03-31,2025-03-31,INE192A01025,TATACONSUM,TATA CONSUMER PRODUCTS LIMITED,,traded EQ every one of 60 sessions to 2025-03-31; rank by mean daily traded value (1766832567 INR),https://nsearchives.nseindia.com/content/historical/EQUITIES/2025/MAR/cm31MAR2025bhav.csv.zip,
liquid-2025-03-31,2025-03-31,INE962Y01021,IRCON,Ircon International Limited,,traded EQ every one of 60 sessions to 2025-03-31; rank by mean daily traded value (1753761496 INR),https://nsearchives.nseindia.com/content/historical/EQUITIES/2025/MAR/cm31MAR2025bhav.csv.zip,
liquid-2025-03-31,2025-03-31,INE472A01039,BLUESTARCO,Blue Star Limited,,traded EQ every one of 60 sessions to 2025-03-31; rank by mean daily traded value (1735866323 INR),https://nsearchives.nseindia.com/content/historical/EQUITIES/2025/MAR/cm31MAR2025bhav.csv.zip,
liquid-2025-03-31,2025-03-31,INE891D01026,REDINGTON,Redington Limited,,traded EQ every one of 60 sessions to 2025-03-31; rank by mean daily traded value (1734321963 INR),https://nsearchives.nseindia.com/content/historical/EQUITIES/2025/MAR/cm31MAR2025bhav.csv.zip,
liquid-2025-03-31,2025-03-31,INE242C01024,ANANTRAJ,Anant Raj Limited,,traded EQ every one of 60 sessions to 2025-03-31; rank by mean daily traded value (1729708353 INR),https://nsearchives.nseindia.com/content/historical/EQUITIES/2025/MAR/cm31MAR2025bhav.csv.zip,
liquid-2025-03-31,2025-03-31,INE019A01038,JSWSTEEL,JSW Steel Limited,,traded EQ every one of 60 sessions to 2025-03-31; rank by mean daily traded value (1712329604 INR),https://nsearchives.nseindia.com/content/historical/EQUITIES/2025/MAR/cm31MAR2025bhav.csv.zip,
liquid-2025-03-31,2025-03-31,INE947Q01028,LAURUSLABS,Laurus Labs Limited,,traded EQ every one of 60 sessions to 2025-03-31; rank by mean daily traded value (1701827480 INR),https://nsearchives.nseindia.com/content/historical/EQUITIES/2025/MAR/cm31MAR2025bhav.csv.zip,
liquid-2025-03-31,2025-03-31,INE239A01024,NESTLEIND,Nestle India Limited,,traded EQ every one of 60 sessions to 2025-03-31; rank by mean daily traded value (1699388168 INR),https://nsearchives.nseindia.com/content/historical/EQUITIES/2025/MAR/cm31MAR2025bhav.csv.zip,
liquid-2025-03-31,2025-03-31,INE07Y701011,POWERINDIA,Hitachi Energy India Limited,,traded EQ every one of 60 sessions to 2025-03-31; rank by mean daily traded value (1677017391 INR),https://nsearchives.nseindia.com/content/historical/EQUITIES/2025/MAR/cm31MAR2025bhav.csv.zip,
liquid-2025-03-31,2025-03-31,INE176B01034,HAVELLS,Havells India Limited,,traded EQ every one of 60 sessions to 2025-03-31; rank by mean daily traded value (1675725599 INR),https://nsearchives.nseindia.com/content/historical/EQUITIES/2025/MAR/cm31MAR2025bhav.csv.zip,
liquid-2025-03-31,2025-03-31,INE171Z01026,BDL,Bharat Dynamics Limited,,traded EQ every one of 60 sessions to 2025-03-31; rank by mean daily traded value (1653666755 INR),https://nsearchives.nseindia.com/content/historical/EQUITIES/2025/MAR/cm31MAR2025bhav.csv.zip,
liquid-2025-03-31,2025-03-31,INE102D01028,GODREJCP,Godrej Consumer Products Limited,,traded EQ every one of 60 sessions to 2025-03-31; rank by mean daily traded value (1653585193 INR),https://nsearchives.nseindia.com/content/historical/EQUITIES/2025/MAR/cm31MAR2025bhav.csv.zip,
liquid-2025-03-31,2025-03-31,INE172A01027,CASTROLIND,Castrol India Limited,,traded EQ every one of 60 sessions to 2025-03-31; rank by mean daily traded value (1647943332 INR),https://nsearchives.nseindia.com/content/historical/EQUITIES/2025/MAR/cm31MAR2025bhav.csv.zip,
liquid-2025-03-31,2025-03-31,INE665A01038,SWANENERGY,SWAN CORP LIMITED,,traded EQ every one of 60 sessions to 2025-03-31; rank by mean daily traded value (1645795171 INR),https://nsearchives.nseindia.com/content/historical/EQUITIES/2025/MAR/cm31MAR2025bhav.csv.zip,
liquid-2025-03-31,2025-03-31,INE634S01028,MANKIND,Mankind Pharma Limited,,traded EQ every one of 60 sessions to 2025-03-31; rank by mean daily traded value (1630837770 INR),https://nsearchives.nseindia.com/content/historical/EQUITIES/2025/MAR/cm31MAR2025bhav.csv.zip,
liquid-2025-03-31,2025-03-31,INE356A01018,MPHASIS,MphasiS Limited,,traded EQ every one of 60 sessions to 2025-03-31; rank by mean daily traded value (1612343570 INR),https://nsearchives.nseindia.com/content/historical/EQUITIES/2025/MAR/cm31MAR2025bhav.csv.zip,
liquid-2025-03-31,2025-03-31,INE04I401011,KPITTECH,KPIT Technologies Limited,,traded EQ every one of 60 sessions to 2025-03-31; rank by mean daily traded value (1602187280 INR),https://nsearchives.nseindia.com/content/historical/EQUITIES/2025/MAR/cm31MAR2025bhav.csv.zip,
liquid-2025-03-31,2025-03-31,INE868B01028,NCC,NCC Limited,,traded EQ every one of 60 sessions to 2025-03-31; rank by mean daily traded value (1576653465 INR),https://nsearchives.nseindia.com/content/historical/EQUITIES/2025/MAR/cm31MAR2025bhav.csv.zip,
liquid-2025-03-31,2025-03-31,INE628A01036,UPL,UPL Limited,,traded EQ every one of 60 sessions to 2025-03-31; rank by mean daily traded value (1570296603 INR),https://nsearchives.nseindia.com/content/historical/EQUITIES/2025/MAR/cm31MAR2025bhav.csv.zip,
liquid-2025-03-31,2025-03-31,INE881D01027,OFSS,Oracle Financial Services Software Limited,,traded EQ every one of 60 sessions to 2025-03-31; rank by mean daily traded value (1559488611 INR),https://nsearchives.nseindia.com/content/historical/EQUITIES/2025/MAR/cm31MAR2025bhav.csv.zip,
liquid-2025-03-31,2025-03-31,INE684F01012,FSL,Firstsource Solutions Limited,,traded EQ every one of 60 sessions to 2025-03-31; rank by mean daily traded value (1549954677 INR),https://nsearchives.nseindia.com/content/historical/EQUITIES/2025/MAR/cm31MAR2025bhav.csv.zip,
liquid-2025-03-31,2025-03-31,INE047A01021,GRASIM,Grasim Industries Limited,,traded EQ every one of 60 sessions to 2025-03-31; rank by mean daily traded value (1538916269 INR),https://nsearchives.nseindia.com/content/historical/EQUITIES/2025/MAR/cm31MAR2025bhav.csv.zip,
liquid-2025-03-31,2025-03-31,INE797F01020,JUBLFOOD,Jubilant Foodworks Limited,,traded EQ every one of 60 sessions to 2025-03-31; rank by mean daily traded value (1536493039 INR),https://nsearchives.nseindia.com/content/historical/EQUITIES/2025/MAR/cm31MAR2025bhav.csv.zip,
liquid-2025-03-31,2025-03-31,INE376G01013,BIOCON,Biocon Limited,,traded EQ every one of 60 sessions to 2025-03-31; rank by mean daily traded value (1519129219 INR),https://nsearchives.nseindia.com/content/historical/EQUITIES/2025/MAR/cm31MAR2025bhav.csv.zip,
liquid-2025-03-31,2025-03-31,INE848E01016,NHPC,NHPC Limited,,traded EQ every one of 60 sessions to 2025-03-31; rank by mean daily traded value (1517604450 INR),https://nsearchives.nseindia.com/content/historical/EQUITIES/2025/MAR/cm31MAR2025bhav.csv.zip,
liquid-2025-03-31,2025-03-31,INE584A01023,NMDC,NMDC Limited,,traded EQ every one of 60 sessions to 2025-03-31; rank by mean daily traded value (1517302449 INR),https://nsearchives.nseindia.com/content/historical/EQUITIES/2025/MAR/cm31MAR2025bhav.csv.zip,
liquid-2025-03-31,2025-03-31,INE018E01016,SBICARD,SBI Cards and Payment Services Limited,,traded EQ every one of 60 sessions to 2025-03-31; rank by mean daily traded value (1510300418 INR),https://nsearchives.nseindia.com/content/historical/EQUITIES/2025/MAR/cm31MAR2025bhav.csv.zip,
liquid-2025-03-31,2025-03-31,INE410P01011,NH,Narayana Hrudayalaya Ltd.,,traded EQ every one of 60 sessions to 2025-03-31; rank by mean daily traded value (1509317871 INR),https://nsearchives.nseindia.com/content/historical/EQUITIES/2025/MAR/cm31MAR2025bhav.csv.zip,
liquid-2025-03-31,2025-03-31,INE274J01014,OIL,Oil India Limited,,traded EQ every one of 60 sessions to 2025-03-31; rank by mean daily traded value (1475090381 INR),https://nsearchives.nseindia.com/content/historical/EQUITIES/2025/MAR/cm31MAR2025bhav.csv.zip,
liquid-2025-03-31,2025-03-31,INE093I01010,OBEROIRLTY,Oberoi Realty Limited,,traded EQ every one of 60 sessions to 2025-03-31; rank by mean daily traded value (1460246455 INR),https://nsearchives.nseindia.com/content/historical/EQUITIES/2025/MAR/cm31MAR2025bhav.csv.zip,
liquid-2025-03-31,2025-03-31,INE389H01022,KEC,KEC International Limited,,traded EQ every one of 60 sessions to 2025-03-31; rank by mean daily traded value (1449877376 INR),https://nsearchives.nseindia.com/content/historical/EQUITIES/2025/MAR/cm31MAR2025bhav.csv.zip,
liquid-2025-03-31,2025-03-31,INE372A01015,APARINDS,Apar Industries Limited,,traded EQ every one of 60 sessions to 2025-03-31; rank by mean daily traded value (1446546572 INR),https://nsearchives.nseindia.com/content/historical/EQUITIES/2025/MAR/cm31MAR2025bhav.csv.zip,
liquid-2025-03-31,2025-03-31,INE377Y01014,BAJAJHFL,Bajaj Housing Finance Limited,,traded EQ every one of 60 sessions to 2025-03-31; rank by mean daily traded value (1444985723 INR),https://nsearchives.nseindia.com/content/historical/EQUITIES/2025/MAR/cm31MAR2025bhav.csv.zip,
liquid-2025-03-31,2025-03-31,INE138Y01010,KFINTECH,Kfin Technologies Limited,,traded EQ every one of 60 sessions to 2025-03-31; rank by mean daily traded value (1435709450 INR),https://nsearchives.nseindia.com/content/historical/EQUITIES/2025/MAR/cm31MAR2025bhav.csv.zip,
liquid-2025-03-31,2025-03-31,INE414G01012,MUTHOOTFIN,Muthoot Finance Limited,,traded EQ every one of 60 sessions to 2025-03-31; rank by mean daily traded value (1432788642 INR),https://nsearchives.nseindia.com/content/historical/EQUITIES/2025/MAR/cm31MAR2025bhav.csv.zip,
liquid-2025-03-31,2025-03-31,INE619A01035,PATANJALI,Patanjali Foods Limited,,traded EQ every one of 60 sessions to 2025-03-31; rank by mean daily traded value (1418320934 INR),https://nsearchives.nseindia.com/content/historical/EQUITIES/2025/MAR/cm31MAR2025bhav.csv.zip,
liquid-2025-03-31,2025-03-31,INE465A01025,BHARATFORG,Bharat Forge Limited,,traded EQ every one of 60 sessions to 2025-03-31; rank by mean daily traded value (1377698823 INR),https://nsearchives.nseindia.com/content/historical/EQUITIES/2025/MAR/cm31MAR2025bhav.csv.zip,
liquid-2025-03-31,2025-03-31,INE010J01012,TEJASNET,Tejas Networks Limited,,traded EQ every one of 60 sessions to 2025-03-31; rank by mean daily traded value (1377226908 INR),https://nsearchives.nseindia.com/content/historical/EQUITIES/2025/MAR/cm31MAR2025bhav.csv.zip,
liquid-2025-03-31,2025-03-31,INE457L01029,PGEL,PG Electroplast Limited,,traded EQ every one of 60 sessions to 2025-03-31; rank by mean daily traded value (1376375696 INR),https://nsearchives.nseindia.com/content/historical/EQUITIES/2025/MAR/cm31MAR2025bhav.csv.zip,
liquid-2025-03-31,2025-03-31,INE079A01024,AMBUJACEM,Ambuja Cements Limited,,traded EQ every one of 60 sessions to 2025-03-31; rank by mean daily traded value (1366197567 INR),https://nsearchives.nseindia.com/content/historical/EQUITIES/2025/MAR/cm31MAR2025bhav.csv.zip,
liquid-2025-03-31,2025-03-31,INE256A01028,ZEEL,Zee Entertainment Enterprises Limited,,traded EQ every one of 60 sessions to 2025-03-31; rank by mean daily traded value (1363683271 INR),https://nsearchives.nseindia.com/content/historical/EQUITIES/2025/MAR/cm31MAR2025bhav.csv.zip,
liquid-2025-03-31,2025-03-31,INE811K01011,PRESTIGE,Prestige Estates Projects Limited,,traded EQ every one of 60 sessions to 2025-03-31; rank by mean daily traded value (1363279920 INR),https://nsearchives.nseindia.com/content/historical/EQUITIES/2025/MAR/cm31MAR2025bhav.csv.zip,
liquid-2025-03-31,2025-03-31,INE136B01020,CYIENT,Cyient Limited,,traded EQ every one of 60 sessions to 2025-03-31; rank by mean daily traded value (1363165365 INR),https://nsearchives.nseindia.com/content/historical/EQUITIES/2025/MAR/cm31MAR2025bhav.csv.zip,
liquid-2025-03-31,2025-03-31,INE152M01016,TRITURBINE,Triveni Turbine Limited,,traded EQ every one of 60 sessions to 2025-03-31; rank by mean daily traded value (1358157600 INR),https://nsearchives.nseindia.com/content/historical/EQUITIES/2025/MAR/cm31MAR2025bhav.csv.zip,
liquid-2025-03-31,2025-03-31,INE388Y01029,NYKAA,FSN E-Commerce Ventures Limited,,traded EQ every one of 60 sessions to 2025-03-31; rank by mean daily traded value (1341850848 INR),https://nsearchives.nseindia.com/content/historical/EQUITIES/2025/MAR/cm31MAR2025bhav.csv.zip,
liquid-2025-03-31,2025-03-31,INE043W01024,VIJAYA,Vijaya Diagnostic Centre Limited,,traded EQ every one of 60 sessions to 2025-03-31; rank by mean daily traded value (1335690018 INR),https://nsearchives.nseindia.com/content/historical/EQUITIES/2025/MAR/cm31MAR2025bhav.csv.zip,
liquid-2025-03-31,2025-03-31,INE069I01010,EMBDL,Embassy Developments Limited,,traded EQ every one of 60 sessions to 2025-03-31; rank by mean daily traded value (1328675008 INR),https://nsearchives.nseindia.com/content/historical/EQUITIES/2025/MAR/cm31MAR2025bhav.csv.zip,
liquid-2025-03-31,2025-03-31,INE259A01022,COLPAL,Colgate Palmolive (India) Limited,,traded EQ every one of 60 sessions to 2025-03-31; rank by mean daily traded value (1325139989 INR),https://nsearchives.nseindia.com/content/historical/EQUITIES/2025/MAR/cm31MAR2025bhav.csv.zip,
liquid-2025-03-31,2025-03-31,INE548A01028,HFCL,HFCL Limited,,traded EQ every one of 60 sessions to 2025-03-31; rank by mean daily traded value (1317901293 INR),https://nsearchives.nseindia.com/content/historical/EQUITIES/2025/MAR/cm31MAR2025bhav.csv.zip,
liquid-2025-03-31,2025-03-31,INE224A01026,GREAVESCOT,Greaves Cotton Limited,,traded EQ every one of 60 sessions to 2025-03-31; rank by mean daily traded value (1311123901 INR),https://nsearchives.nseindia.com/content/historical/EQUITIES/2025/MAR/cm31MAR2025bhav.csv.zip,
liquid-2025-03-31,2025-03-31,INE761H01022,PAGEIND,Page Industries Limited,,traded EQ every one of 60 sessions to 2025-03-31; rank by mean daily traded value (1296476029 INR),https://nsearchives.nseindia.com/content/historical/EQUITIES/2025/MAR/cm31MAR2025bhav.csv.zip,
liquid-2025-03-31,2025-03-31,INE251B01027,ZENTEC,Zen Technologies Limited,,traded EQ every one of 60 sessions to 2025-03-31; rank by mean daily traded value (1286263516 INR),https://nsearchives.nseindia.com/content/historical/EQUITIES/2025/MAR/cm31MAR2025bhav.csv.zip,
liquid-2025-03-31,2025-03-31,INE211B01039,PHOENIXLTD,The Phoenix Mills Limited,,traded EQ every one of 60 sessions to 2025-03-31; rank by mean daily traded value (1284484820 INR),https://nsearchives.nseindia.com/content/historical/EQUITIES/2025/MAR/cm31MAR2025bhav.csv.zip,
liquid-2025-03-31,2025-03-31,INE765G01017,ICICIGI,,,traded EQ every one of 60 sessions to 2025-03-31; rank by mean daily traded value (1284034163 INR),https://nsearchives.nseindia.com/content/historical/EQUITIES/2025/MAR/cm31MAR2025bhav.csv.zip,
liquid-2025-03-31,2025-03-31,INE203G01027,IGL,Indraprastha Gas Limited,,traded EQ every one of 60 sessions to 2025-03-31; rank by mean daily traded value (1220283602 INR),https://nsearchives.nseindia.com/content/historical/EQUITIES/2025/MAR/cm31MAR2025bhav.csv.zip,
liquid-2025-03-31,2025-03-31,INE258A01016,BEML,BEML Limited,,traded EQ every one of 60 sessions to 2025-03-31; rank by mean daily traded value (1220070560 INR),https://nsearchives.nseindia.com/content/historical/EQUITIES/2025/MAR/cm31MAR2025bhav.csv.zip,
liquid-2025-03-31,2025-03-31,INE010B01027,ZYDUSLIFE,Zydus Lifesciences Limited,,traded EQ every one of 60 sessions to 2025-03-31; rank by mean daily traded value (1214302341 INR),https://nsearchives.nseindia.com/content/historical/EQUITIES/2025/MAR/cm31MAR2025bhav.csv.zip,
liquid-2025-03-31,2025-03-31,INE0LLY01014,EIEL,Enviro Infra Engineers Limited,,traded EQ every one of 60 sessions to 2025-03-31; rank by mean daily traded value (1196546881 INR),https://nsearchives.nseindia.com/content/historical/EQUITIES/2025/MAR/cm31MAR2025bhav.csv.zip,
liquid-2025-03-31,2025-03-31,INE0Q9301021,IGIL,,,traded EQ every one of 60 sessions to 2025-03-31; rank by mean daily traded value (1195383222 INR),https://nsearchives.nseindia.com/content/historical/EQUITIES/2025/MAR/cm31MAR2025bhav.csv.zip,
liquid-2025-03-31,2025-03-31,INE016A01026,DABUR,Dabur India Limited,,traded EQ every one of 60 sessions to 2025-03-31; rank by mean daily traded value (1191933483 INR),https://nsearchives.nseindia.com/content/historical/EQUITIES/2025/MAR/cm31MAR2025bhav.csv.zip,
liquid-2025-03-31,2025-03-31,INE704P01025,COCHINSHIP,Cochin Shipyard Limited,,traded EQ every one of 60 sessions to 2025-03-31; rank by mean daily traded value (1191234028 INR),https://nsearchives.nseindia.com/content/historical/EQUITIES/2025/MAR/cm31MAR2025bhav.csv.zip,
liquid-2025-03-31,2025-03-31,INE292B01021,HBLENGINE,HBL Engineering Limited,,traded EQ every one of 60 sessions to 2025-03-31; rank by mean daily traded value (1168873231 INR),https://nsearchives.nseindia.com/content/historical/EQUITIES/2025/MAR/cm31MAR2025bhav.csv.zip,
liquid-2025-03-31,2025-03-31,INE178A01016,CHENNPETRO,Chennai Petroleum Corporation Limited,,traded EQ every one of 60 sessions to 2025-03-31; rank by mean daily traded value (1165613378 INR),https://nsearchives.nseindia.com/content/historical/EQUITIES/2025/MAR/cm31MAR2025bhav.csv.zip,
liquid-2025-03-31,2025-03-31,INE061F01013,FORTIS,Fortis Healthcare Limited,,traded EQ every one of 60 sessions to 2025-03-31; rank by mean daily traded value (1154743636 INR),https://nsearchives.nseindia.com/content/historical/EQUITIES/2025/MAR/cm31MAR2025bhav.csv.zip,
liquid-2025-03-31,2025-03-31,INE0ONG01011,NTPCGREEN,NTPC Green Energy Limited,,traded EQ every one of 60 sessions to 2025-03-31; rank by mean daily traded value (1151634222 INR),https://nsearchives.nseindia.com/content/historical/EQUITIES/2025/MAR/cm31MAR2025bhav.csv.zip,
liquid-2025-03-31,2025-03-31,INE085A01013,CHAMBLFERT,Chambal Fertilizers & Chemicals Limited,,traded EQ every one of 60 sessions to 2025-03-31; rank by mean daily traded value (1145361976 INR),https://nsearchives.nseindia.com/content/historical/EQUITIES/2025/MAR/cm31MAR2025bhav.csv.zip,
liquid-2025-03-31,2025-03-31,INE048G01026,NAVINFLUOR,Navin Fluorine International Limited,,traded EQ every one of 60 sessions to 2025-03-31; rank by mean daily traded value (1125986085 INR),https://nsearchives.nseindia.com/content/historical/EQUITIES/2025/MAR/cm31MAR2025bhav.csv.zip,
liquid-2025-03-31,2025-03-31,INE531E01026,HINDCOPPER,Hindustan Copper Limited,,traded EQ every one of 60 sessions to 2025-03-31; rank by mean daily traded value (1125660296 INR),https://nsearchives.nseindia.com/content/historical/EQUITIES/2025/MAR/cm31MAR2025bhav.csv.zip,
liquid-2025-03-31,2025-03-31,INE073K01018,SONACOMS,Sona BLW Precision Forgings Limited,,traded EQ every one of 60 sessions to 2025-03-31; rank by mean daily traded value (1125112800 INR),https://nsearchives.nseindia.com/content/historical/EQUITIES/2025/MAR/cm31MAR2025bhav.csv.zip,
liquid-2025-03-31,2025-03-31,INE713T01028,APOLLO,Apollo Micro Systems Limited,,traded EQ every one of 60 sessions to 2025-03-31; rank by mean daily traded value (1123298297 INR),https://nsearchives.nseindia.com/content/historical/EQUITIES/2025/MAR/cm31MAR2025bhav.csv.zip,
liquid-2025-03-31,2025-03-31,INE603J01030,PIIND,PI Industries Limited,,traded EQ every one of 60 sessions to 2025-03-31; rank by mean daily traded value (1118954469 INR),https://nsearchives.nseindia.com/content/historical/EQUITIES/2025/MAR/cm31MAR2025bhav.csv.zip,
liquid-2025-03-31,2025-03-31,INE343H01029,SOLARINDS,Solar Industries India Limited,,traded EQ every one of 60 sessions to 2025-03-31; rank by mean daily traded value (1112749978 INR),https://nsearchives.nseindia.com/content/historical/EQUITIES/2025/MAR/cm31MAR2025bhav.csv.zip,
liquid-2025-03-31,2025-03-31,INE095N01031,NBCC,NBCC (India) Limited,,traded EQ every one of 60 sessions to 2025-03-31; rank by mean daily traded value (1109507284 INR),https://nsearchives.nseindia.com/content/historical/EQUITIES/2025/MAR/cm31MAR2025bhav.csv.zip,
liquid-2025-03-31,2025-03-31,INE196A01026,MARICO,Marico Limited,,traded EQ every one of 60 sessions to 2025-03-31; rank by mean daily traded value (1108272722 INR),https://nsearchives.nseindia.com/content/historical/EQUITIES/2025/MAR/cm31MAR2025bhav.csv.zip,
liquid-2025-03-31,2025-03-31,INE685A01028,TORNTPHARM,Torrent Pharmaceuticals Limited,,traded EQ every one of 60 sessions to 2025-03-31; rank by mean daily traded value (1106970130 INR),https://nsearchives.nseindia.com/content/historical/EQUITIES/2025/MAR/cm31MAR2025bhav.csv.zip,
liquid-2025-03-31,2025-03-31,INE974X01010,TIINDIA,Tube Investments of India Limited,,traded EQ every one of 60 sessions to 2025-03-31; rank by mean daily traded value (1102316063 INR),https://nsearchives.nseindia.com/content/historical/EQUITIES/2025/MAR/cm31MAR2025bhav.csv.zip,
liquid-2025-03-31,2025-03-31,INE670A01012,TATAELXSI,Tata Elxsi Limited,,traded EQ every one of 60 sessions to 2025-03-31; rank by mean daily traded value (1101910884 INR),https://nsearchives.nseindia.com/content/historical/EQUITIES/2025/MAR/cm31MAR2025bhav.csv.zip,
liquid-2025-03-31,2025-03-31,INE871C01038,AVANTIFEED,Avanti Feeds Limited,,traded EQ every one of 60 sessions to 2025-03-31; rank by mean daily traded value (1093127124 INR),https://nsearchives.nseindia.com/content/historical/EQUITIES/2025/MAR/cm31MAR2025bhav.csv.zip,
liquid-2025-03-31,2025-03-31,INE335Y01020,IRCTC,Indian Railway Catering And Tourism Corporation Limited,,traded EQ every one of 60 sessions to 2025-03-31; rank by mean daily traded value (1087630896 INR),https://nsearchives.nseindia.com/content/historical/EQUITIES/2025/MAR/cm31MAR2025bhav.csv.zip,
liquid-2025-03-31,2025-03-31,INE854D01024,UNITDSPR,United Spirits Limited,,traded EQ every one of 60 sessions to 2025-03-31; rank by mean daily traded value (1082436303 INR),https://nsearchives.nseindia.com/content/historical/EQUITIES/2025/MAR/cm31MAR2025bhav.csv.zip,
liquid-2025-03-31,2025-03-31,INE148I01020,SAMMAANCAP,Sammaan Capital Limited,,traded EQ every one of 60 sessions to 2025-03-31; rank by mean daily traded value (1081711159 INR),https://nsearchives.nseindia.com/content/historical/EQUITIES/2025/MAR/cm31MAR2025bhav.csv.zip,
liquid-2025-03-31,2025-03-31,INE260D01016,OLECTRA,Olectra Greentech Limited,,traded EQ every one of 60 sessions to 2025-03-31; rank by mean daily traded value (1062740928 INR),https://nsearchives.nseindia.com/content/historical/EQUITIES/2025/MAR/cm31MAR2025bhav.csv.zip,
liquid-2025-03-31,2025-03-31,INE406A01037,AUROPHARMA,Aurobindo Pharma Limited,,traded EQ every one of 60 sessions to 2025-03-31; rank by mean daily traded value (1053290270 INR),https://nsearchives.nseindia.com/content/historical/EQUITIES/2025/MAR/cm31MAR2025bhav.csv.zip,
liquid-2025-03-31,2025-03-31,INE466L01038,360ONE,360 ONE WAM LIMITED,,traded EQ every one of 60 sessions to 2025-03-31; rank by mean daily traded value (1039306494 INR),https://nsearchives.nseindia.com/content/historical/EQUITIES/2025/MAR/cm31MAR2025bhav.csv.zip,
liquid-2025-03-31,2025-03-31,INE036A01016,RELINFRA,Reliance Infrastructure Limited,,traded EQ every one of 60 sessions to 2025-03-31; rank by mean daily traded value (1037592433 INR),https://nsearchives.nseindia.com/content/historical/EQUITIES/2025/MAR/cm31MAR2025bhav.csv.zip,
liquid-2025-03-31,2025-03-31,INE318A01026,PIDILITIND,Pidilite Industries Limited,,traded EQ every one of 60 sessions to 2025-03-31; rank by mean daily traded value (997071597 INR),https://nsearchives.nseindia.com/content/historical/EQUITIES/2025/MAR/cm31MAR2025bhav.csv.zip,
liquid-2025-03-31,2025-03-31,INE614G01033,RPOWER,Reliance Power Limited,,traded EQ every one of 60 sessions to 2025-03-31; rank by mean daily traded value (990645566 INR),https://nsearchives.nseindia.com/content/historical/EQUITIES/2025/MAR/cm31MAR2025bhav.csv.zip,
liquid-2025-03-31,2025-03-31,INE0DD101019,RAILTEL,Railtel Corporation Of India Limited,,traded EQ every one of 60 sessions to 2025-03-31; rank by mean daily traded value (987562778 INR),https://nsearchives.nseindia.com/content/historical/EQUITIES/2025/MAR/cm31MAR2025bhav.csv.zip,
liquid-2025-03-31,2025-03-31,INE169A01031,COROMANDEL,Coromandel International Limited,,traded EQ every one of 60 sessions to 2025-03-31; rank by mean daily traded value (974802452 INR),https://nsearchives.nseindia.com/content/historical/EQUITIES/2025/MAR/cm31MAR2025bhav.csv.zip,
liquid-2025-03-31,2025-03-31,INE00M201021,SWSOLAR,Sterling and Wilson Renewable Energy Limited,,traded EQ every one of 60 sessions to 2025-03-31; rank by mean daily traded value (972424576 INR),https://nsearchives.nseindia.com/content/historical/EQUITIES/2025/MAR/cm31MAR2025bhav.csv.zip,
liquid-2025-03-31,2025-03-31,INE118A01012,BAJAJHLDNG,Bajaj Holdings & Investment Limited,,traded EQ every one of 60 sessions to 2025-03-31; rank by mean daily traded value (968736509 INR),https://nsearchives.nseindia.com/content/historical/EQUITIES/2025/MAR/cm31MAR2025bhav.csv.zip,
liquid-2025-03-31,2025-03-31,INE180A01020,MFSL,Max Financial Services Limited,,traded EQ every one of 60 sessions to 2025-03-31; rank by mean daily traded value (965064539 INR),https://nsearchives.nseindia.com/content/historical/EQUITIES/2025/MAR/cm31MAR2025bhav.csv.zip,
liquid-2025-03-31,2025-03-31,INE501A01019,DEEPAKFERT,Deepak Fertilizers and Petrochemicals Corporation Limited,,traded EQ every one of 60 sessions to 2025-03-31; rank by mean daily traded value (950573491 INR),https://nsearchives.nseindia.com/content/historical/EQUITIES/2025/MAR/cm31MAR2025bhav.csv.zip,
liquid-2025-03-31,2025-03-31,INE302A01020,EXIDEIND,Exide Industries Limited,,traded EQ every one of 60 sessions to 2025-03-31; rank by mean daily traded value (947767186 INR),https://nsearchives.nseindia.com/content/historical/EQUITIES/2025/MAR/cm31MAR2025bhav.csv.zip,
liquid-2025-03-31,2025-03-31,INE142M01025,TATATECH,Tata Technologies Limited,,traded EQ every one of 60 sessions to 2025-03-31; rank by mean daily traded value (935204792 INR),https://nsearchives.nseindia.com/content/historical/EQUITIES/2025/MAR/cm31MAR2025bhav.csv.zip,
liquid-2025-03-31,2025-03-31,INE070A01015,SHREECEM,SHREE CEMENT LIMITED,,traded EQ every one of 60 sessions to 2025-03-31; rank by mean daily traded value (930811496 INR),https://nsearchives.nseindia.com/content/historical/EQUITIES/2025/MAR/cm31MAR2025bhav.csv.zip,
liquid-2025-03-31,2025-03-31,INE195A01028,SUPREMEIND,Supreme Industries Limited,,traded EQ every one of 60 sessions to 2025-03-31; rank by mean daily traded value (924387308 INR),https://nsearchives.nseindia.com/content/historical/EQUITIES/2025/MAR/cm31MAR2025bhav.csv.zip,
liquid-2025-03-31,2025-03-31,INE180C01042,CGCL,Capri Global Capital Limited,,traded EQ every one of 60 sessions to 2025-03-31; rank by mean daily traded value (917954415 INR),https://nsearchives.nseindia.com/content/historical/EQUITIES/2025/MAR/cm31MAR2025bhav.csv.zip,
liquid-2025-03-31,2025-03-31,INE483C01032,TANLA,Tanla Platforms Limited,,traded EQ every one of 60 sessions to 2025-03-31; rank by mean daily traded value (911203127 INR),https://nsearchives.nseindia.com/content/historical/EQUITIES/2025/MAR/cm31MAR2025bhav.csv.zip,
liquid-2025-03-31,2025-03-31,INE0J1Y01017,LICI,,,traded EQ every one of 60 sessions to 2025-03-31; rank by mean daily traded value (906341557 INR),https://nsearchives.nseindia.com/content/historical/EQUITIES/2025/MAR/cm31MAR2025bhav.csv.zip,
liquid-2025-03-31,2025-03-31,INE987B01026,NATCOPHARM,Natco Pharma Limited,,traded EQ every one of 60 sessions to 2025-03-31; rank by mean daily traded value (904545822 INR),https://nsearchives.nseindia.com/content/historical/EQUITIES/2025/MAR/cm31MAR2025bhav.csv.zip,
liquid-2025-03-31,2025-03-31,INE399G01023,RKFORGE,Ramkrishna Forgings Limited,,traded EQ every one of 60 sessions to 2025-03-31; rank by mean daily traded value (904180969 INR),https://nsearchives.nseindia.com/content/historical/EQUITIES/2025/MAR/cm31MAR2025bhav.csv.zip,
liquid-2025-03-31,2025-03-31,INE602A01031,PCBL,PCBL Chemical Limited,,traded EQ every one of 60 sessions to 2025-03-31; rank by mean daily traded value (898273986 INR),https://nsearchives.nseindia.com/content/historical/EQUITIES/2025/MAR/cm31MAR2025bhav.csv.zip,
liquid-2025-03-31,2025-03-31,INE010V01017,LTTS,L&T Technology Services Limited,,traded EQ every one of 60 sessions to 2025-03-31; rank by mean daily traded value (898169250 INR),https://nsearchives.nseindia.com/content/historical/EQUITIES/2025/MAR/cm31MAR2025bhav.csv.zip,
liquid-2025-03-31,2025-03-31,INE776C01039,GMRAIRPORT,GMR AIRPORTS LIMITED,,traded EQ every one of 60 sessions to 2025-03-31; rank by mean daily traded value (895064751 INR),https://nsearchives.nseindia.com/content/historical/EQUITIES/2025/MAR/cm31MAR2025bhav.csv.zip,
liquid-2025-03-31,2025-03-31,INE290S01011,CARTRADE,Cartrade Tech Limited,,traded EQ every one of 60 sessions to 2025-03-31; rank by mean daily traded value (894309910 INR),https://nsearchives.nseindia.com/content/historical/EQUITIES/2025/MAR/cm31MAR2025bhav.csv.zip,
liquid-2025-03-31,2025-03-31,INE022Q01020,IEX,Indian Energy Exchange Limited,,traded EQ every one of 60 sessions to 2025-03-31; rank by mean daily traded value (893773997 INR),https://nsearchives.nseindia.com/content/historical/EQUITIES/2025/MAR/cm31MAR2025bhav.csv.zip,
liquid-2025-03-31,2025-03-31,INE233A01035,GODREJIND,Godrej Industries Limited,,traded EQ every one of 60 sessions to 2025-03-31; rank by mean daily traded value (893245139 INR),https://nsearchives.nseindia.com/content/historical/EQUITIES/2025/MAR/cm31MAR2025bhav.csv.zip,
liquid-2025-03-31,2025-03-31,INE821I01022,IRB,IRB Infrastructure Developers Limited,,traded EQ every one of 60 sessions to 2025-03-31; rank by mean daily traded value (884585671 INR),https://nsearchives.nseindia.com/content/historical/EQUITIES/2025/MAR/cm31MAR2025bhav.csv.zip,
liquid-2025-03-31,2025-03-31,INE405E01023,UNOMINDA,UNO Minda Limited,,traded EQ every one of 60 sessions to 2025-03-31; rank by mean daily traded value (884366886 INR),https://nsearchives.nseindia.com/content/historical/EQUITIES/2025/MAR/cm31MAR2025bhav.csv.zip,
liquid-2025-03-31,2025-03-31,INE159A01016,GLAXO,GlaxoSmithKline Pharmaceuticals Limited,,traded EQ every one of 60 sessions to 2025-03-31; rank by mean daily traded value (883132734 INR),https://nsearchives.nseindia.com/content/historical/EQUITIES/2025/MAR/cm31MAR2025bhav.csv.zip,
liquid-2025-03-31,2025-03-31,INE702C01027,APLAPOLLO,APL Apollo Tubes Limited,,traded EQ every one of 60 sessions to 2025-03-31; rank by mean daily traded value (880939251 INR),https://nsearchives.nseindia.com/content/historical/EQUITIES/2025/MAR/cm31MAR2025bhav.csv.zip,
liquid-2025-03-31,2025-03-31,INE111A01025,CONCOR,Container Corporation of India Limited,,traded EQ every one of 60 sessions to 2025-03-31; rank by mean daily traded value (866494909 INR),https://nsearchives.nseindia.com/content/historical/EQUITIES/2025/MAR/cm31MAR2025bhav.csv.zip,
liquid-2025-03-31,2025-03-31,INE235A01022,FINCABLES,Finolex Cables Limited,,traded EQ every one of 60 sessions to 2025-03-31; rank by mean daily traded value (863158967 INR),https://nsearchives.nseindia.com/content/historical/EQUITIES/2025/MAR/cm31MAR2025bhav.csv.zip,
liquid-2025-03-31,2025-03-31,INE699H01024,AWL,AWL Agri Business Limited,,traded EQ every one of 60 sessions to 2025-03-31; rank by mean daily traded value (861154523 INR),https://nsearchives.nseindia.com/content/historical/EQUITIES/2025/MAR/cm31MAR2025bhav.csv.zip,
liquid-2025-03-31,2025-03-31,INE769A01020,AARTIIND,Aarti Industries Limited,,traded EQ every one of 60 sessions to 2025-03-31; rank by mean daily traded value (847666534 INR),https://nsearchives.nseindia.com/content/historical/EQUITIES/2025/MAR/cm31MAR2025bhav.csv.zip,
liquid-2025-03-31,2025-03-31,INE813H01021,TORNTPOWER,Torrent Power Limited,,traded EQ every one of 60 sessions to 2025-03-31; rank by mean daily traded value (841578642 INR),https://nsearchives.nseindia.com/content/historical/EQUITIES/2025/MAR/cm31MAR2025bhav.csv.zip,
liquid-2025-03-31,2025-03-31,INE299U01018,CROMPTON,Crompton Greaves Consumer Electricals Limited,,traded EQ every one of 60 sessions to 2025-03-31; rank by mean daily traded value (841049821 INR),https://nsearchives.nseindia.com/content/historical/EQUITIES/2025/MAR/cm31MAR2025bhav.csv.zip,
liquid-2025-03-31,2025-03-31,INE980O01024,JYOTICNC,Jyoti CNC Automation Limited,,traded EQ every one of 60 sessions to 2025-03-31; rank by mean daily traded value (838305967 INR),https://nsearchives.nseindia.com/content/historical/EQUITIES/2025/MAR/cm31MAR2025bhav.csv.zip,
liquid-2025-03-31,2025-03-31,INE00FF01017,AMIORG,Acutaas Chemicals Limited,,traded EQ every one of 60 sessions to 2025-03-31; rank by mean daily traded value (823401165 INR),https://nsearchives.nseindia.com/content/historical/EQUITIES/2025/MAR/cm31MAR2025bhav.csv.zip,
liquid-2025-03-31,2025-03-31,INE115A01026,LICHSGFIN,LIC Housing Finance Limited,,traded EQ every one of 60 sessions to 2025-03-31; rank by mean daily traded value (813110276 INR),https://nsearchives.nseindia.com/content/historical/EQUITIES/2025/MAR/cm31MAR2025bhav.csv.zip,
liquid-2025-03-31,2025-03-31,INE092A01019,TATACHEM,Tata Chemicals Limited,,traded EQ every one of 60 sessions to 2025-03-31; rank by mean daily traded value (809105146 INR),https://nsearchives.nseindia.com/content/historical/EQUITIES/2025/MAR/cm31MAR2025bhav.csv.zip,
liquid-2025-03-31,2025-03-31,INE836A01035,BSOFT,BIRLASOFT LIMITED,,traded EQ every one of 60 sessions to 2025-03-31; rank by mean daily traded value (806254464 INR),https://nsearchives.nseindia.com/content/historical/EQUITIES/2025/MAR/cm31MAR2025bhav.csv.zip,
liquid-2025-03-31,2025-03-31,INE002S01010,MGL,Mahanagar Gas Limited,,traded EQ every one of 60 sessions to 2025-03-31; rank by mean daily traded value (805213805 INR),https://nsearchives.nseindia.com/content/historical/EQUITIES/2025/MAR/cm31MAR2025bhav.csv.zip,
liquid-2025-03-31,2025-03-31,INE956G01038,WABAG,VA Tech Wabag Limited,,traded EQ every one of 60 sessions to 2025-03-31; rank by mean daily traded value (803674539 INR),https://nsearchives.nseindia.com/content/historical/EQUITIES/2025/MAR/cm31MAR2025bhav.csv.zip,
liquid-2025-03-31,2025-03-31,INE486A01021,CESC,CESC Limited,,traded EQ every one of 60 sessions to 2025-03-31; rank by mean daily traded value (802008805 INR),https://nsearchives.nseindia.com/content/historical/EQUITIES/2025/MAR/cm31MAR2025bhav.csv.zip,
liquid-2025-03-31,2025-03-31,INE545A01024,HEG,HEG Limited,,traded EQ every one of 60 sessions to 2025-03-31; rank by mean daily traded value (799177757 INR),https://nsearchives.nseindia.com/content/historical/EQUITIES/2025/MAR/cm31MAR2025bhav.csv.zip,
liquid-2025-03-31,2025-03-31,INE726G01019,ICICIPRULI,,,traded EQ every one of 60 sessions to 2025-03-31; rank by mean daily traded value (798400934 INR),https://nsearchives.nseindia.com/content/historical/EQUITIES/2025/MAR/cm31MAR2025bhav.csv.zip,
liquid-2025-03-31,2025-03-31,INE935A01035,GLENMARK,Glenmark Pharmaceuticals Limited,,traded EQ every one of 60 sessions to 2025-03-31; rank by mean daily traded value (789811679 INR),https://nsearchives.nseindia.com/content/historical/EQUITIES/2025/MAR/cm31MAR2025bhav.csv.zip,
liquid-2025-03-31,2025-03-31,INE885A01032,ARE&M,Amara Raja Energy & Mobility Limited,,traded EQ every one of 60 sessions to 2025-03-31; rank by mean daily traded value (789143060 INR),https://nsearchives.nseindia.com/content/historical/EQUITIES/2025/MAR/cm31MAR2025bhav.csv.zip,
liquid-2025-03-31,2025-03-31,INE006I01046,ASTRAL,Astral Limited,,traded EQ every one of 60 sessions to 2025-03-31; rank by mean daily traded value (778477185 INR),https://nsearchives.nseindia.com/content/historical/EQUITIES/2025/MAR/cm31MAR2025bhav.csv.zip,
liquid-2025-03-31,2025-03-31,INE025B01025,GOLDIAM,Goldiam International Limited,,traded EQ every one of 60 sessions to 2025-03-31; rank by mean daily traded value (772860429 INR),https://nsearchives.nseindia.com/content/historical/EQUITIES/2025/MAR/cm31MAR2025bhav.csv.zip,
liquid-2025-03-31,2025-03-31,INE572E01012,PNBHOUSING,PNB Housing Finance Limited,,traded EQ every one of 60 sessions to 2025-03-31; rank by mean daily traded value (771458293 INR),https://nsearchives.nseindia.com/content/historical/EQUITIES/2025/MAR/cm31MAR2025bhav.csv.zip,
liquid-2025-03-31,2025-03-31,INE284H01025,DAMCAPITAL,Dam Capital Advisors Limited,,traded EQ every one of 60 sessions to 2025-03-31; rank by mean daily traded value (770146723 INR),https://nsearchives.nseindia.com/content/historical/EQUITIES/2025/MAR/cm31MAR2025bhav.csv.zip,
liquid-2025-03-31,2025-03-31,INE660A01013,SUNDARMFIN,Sundaram Finance Limited,,traded EQ every one of 60 sessions to 2025-03-31; rank by mean daily traded value (770081523 INR),https://nsearchives.nseindia.com/content/historical/EQUITIES/2025/MAR/cm31MAR2025bhav.csv.zip,
liquid-2025-03-31,2025-03-31,INE002L01015,SJVN,SJVN Limited,,traded EQ every one of 60 sessions to 2025-03-31; rank by mean daily traded value (767448359 INR),https://nsearchives.nseindia.com/content/historical/EQUITIES/2025/MAR/cm31MAR2025bhav.csv.zip,
liquid-2025-03-31,2025-03-31,INE549A01026,HCC,Hindustan Construction Company Limited,,traded EQ every one of 60 sessions to 2025-03-31; rank by mean daily traded value (766449000 INR),https://nsearchives.nseindia.com/content/historical/EQUITIES/2025/MAR/cm31MAR2025bhav.csv.zip,
liquid-2025-03-31,2025-03-31,INE101I01011,AFCONS,Afcons Infrastructure Limited,,traded EQ every one of 60 sessions to 2025-03-31; rank by mean daily traded value (762344986 INR),https://nsearchives.nseindia.com/content/historical/EQUITIES/2025/MAR/cm31MAR2025bhav.csv.zip,
liquid-2025-03-31,2025-03-31,INE399L01023,ATGL,Adani Total Gas Limited,,traded EQ every one of 60 sessions to 2025-03-31; rank by mean daily traded value (755196119 INR),https://nsearchives.nseindia.com/content/historical/EQUITIES/2025/MAR/cm31MAR2025bhav.csv.zip,
liquid-2025-03-31,2025-03-31,INE281B01032,LLOYDSME,Lloyds Metals And Energy Limited,,traded EQ every one of 60 sessions to 2025-03-31; rank by mean daily traded value (751884384 INR),https://nsearchives.nseindia.com/content/historical/EQUITIES/2025/MAR/cm31MAR2025bhav.csv.zip,
liquid-2025-03-31,2025-03-31,INE343G01021,BHARTIHEXA,Bharti Hexacom Limited,,traded EQ every one of 60 sessions to 2025-03-31; rank by mean daily traded value (747302122 INR),https://nsearchives.nseindia.com/content/historical/EQUITIES/2025/MAR/cm31MAR2025bhav.csv.zip,
liquid-2025-03-31,2025-03-31,INE903U01023,SIGNATURE,Signatureglobal (India) Limited,,traded EQ every one of 60 sessions to 2025-03-31; rank by mean daily traded value (746138029 INR),https://nsearchives.nseindia.com/content/historical/EQUITIES/2025/MAR/cm31MAR2025bhav.csv.zip,
liquid-2025-03-31,2025-03-31,INE883A01011,MRF,MRF Limited,,traded EQ every one of 60 sessions to 2025-03-31; rank by mean daily traded value (745725244 INR),https://nsearchives.nseindia.com/content/historical/EQUITIES/2025/MAR/cm31MAR2025bhav.csv.zip,
liquid-2025-03-31,2025-03-31,INE531F01015,NUVAMA,Nuvama Wealth Management Limited,,traded EQ every one of 60 sessions to 2025-03-31; rank by mean daily traded value (742821734 INR),https://nsearchives.nseindia.com/content/historical/EQUITIES/2025/MAR/cm31MAR2025bhav.csv.zip,
liquid-2025-03-31,2025-03-31,INE589A01014,NLCINDIA,NLC India Limited,,traded EQ every one of 60 sessions to 2025-03-31; rank by mean daily traded value (731944283 INR),https://nsearchives.nseindia.com/content/historical/EQUITIES/2025/MAR/cm31MAR2025bhav.csv.zip,
liquid-2025-03-31,2025-03-31,INE301A01014,RAYMOND,Raymond Limited,,traded EQ every one of 60 sessions to 2025-03-31; rank by mean daily traded value (728577475 INR),https://nsearchives.nseindia.com/content/historical/EQUITIES/2025/MAR/cm31MAR2025bhav.csv.zip,
liquid-2025-03-31,2025-03-31,INE088F01024,PARADEEP,Paradeep Phosphates Limited,,traded EQ every one of 60 sessions to 2025-03-31; rank by mean daily traded value (725713743 INR),https://nsearchives.nseindia.com/content/historical/EQUITIES/2025/MAR/cm31MAR2025bhav.csv.zip,
liquid-2025-03-31,2025-03-31,INE647O01011,ABFRL,Aditya Birla Fashion and Retail Limited,,traded EQ every one of 60 sessions to 2025-03-31; rank by mean daily traded value (724068261 INR),https://nsearchives.nseindia.com/content/historical/EQUITIES/2025/MAR/cm31MAR2025bhav.csv.zip,
liquid-2025-03-31,2025-03-31,INE267A01025,HINDZINC,Hindustan Zinc Limited,,traded EQ every one of 60 sessions to 2025-03-31; rank by mean daily traded value (723637494 INR),https://nsearchives.nseindia.com/content/historical/EQUITIES/2025/MAR/cm31MAR2025bhav.csv.zip,
liquid-2025-03-31,2025-03-31,INE322A01010,GILLETTE,Gillette India Limited,,traded EQ every one of 60 sessions to 2025-03-31; rank by mean daily traded value (723386240 INR),https://nsearchives.nseindia.com/content/historical/EQUITIES/2025/MAR/cm31MAR2025bhav.csv.zip,
liquid-2025-03-31,2025-03-31,INE049B01025,WOCKPHARMA,Wockhardt Limited,,traded EQ every one of 60 sessions to 2025-03-31; rank by mean daily traded value (721696056 INR),https://nsearchives.nseindia.com/content/historical/EQUITIES/2025/MAR/cm31MAR2025bhav.csv.zip,
liquid-2025-03-31,2025-03-31,INE674K01013,ABCAPITAL,Aditya Birla Capital Limited,,traded EQ every one of 60 sessions to 2025-03-31; rank by mean daily traded value (716159696 INR),https://nsearchives.nseindia.com/content/historical/EQUITIES/2025/MAR/cm31MAR2025bhav.csv.zip,
liquid-2025-03-31,2025-03-31,INE306R01017,INTELLECT,Intellect Design Arena Limited,,traded EQ every one of 60 sessions to 2025-03-31; rank by mean daily traded value (715302772 INR),https://nsearchives.nseindia.com/content/historical/EQUITIES/2025/MAR/cm31MAR2025bhav.csv.zip,
liquid-2025-03-31,2025-03-31,INE323A01026,BOSCHLTD,Bosch Limited,,traded EQ every one of 60 sessions to 2025-03-31; rank by mean daily traded value (715246200 INR),https://nsearchives.nseindia.com/content/historical/EQUITIES/2025/MAR/cm31MAR2025bhav.csv.zip,
liquid-2025-03-31,2025-03-31,INE498L01015,LTF,L&T Finance Limited,,traded EQ every one of 60 sessions to 2025-03-31; rank by mean daily traded value (714977099 INR),https://nsearchives.nseindia.com/content/historical/EQUITIES/2025/MAR/cm31MAR2025bhav.csv.zip,
liquid-2025-03-31,2025-03-31,INE511C01022,POONAWALLA,Poonawalla Fincorp Limited,,traded EQ every one of 60 sessions to 2025-03-31; rank by mean daily traded value (713674448 INR),https://nsearchives.nseindia.com/content/historical/EQUITIES/2025/MAR/cm31MAR2025bhav.csv.zip,
liquid-2025-03-31,2025-03-31,INE347G01014,PETRONET,Petronet LNG Limited,,traded EQ every one of 60 sessions to 2025-03-31; rank by mean daily traded value (711186969 INR),https://nsearchives.nseindia.com/content/historical/EQUITIES/2025/MAR/cm31MAR2025bhav.csv.zip,
liquid-2025-03-31,2025-03-31,INE101D01020,GRANULES,Granules India Limited,,traded EQ every one of 60 sessions to 2025-03-31; rank by mean daily traded value (708429419 INR),https://nsearchives.nseindia.com/content/historical/EQUITIES/2025/MAR/cm31MAR2025bhav.csv.zip,
liquid-2025-03-31,2025-03-31,INE979A01025,SAREGAMA,Saregama India Limited,,traded EQ every one of 60 sessions to 2025-03-31; rank by mean daily traded value (706651402 INR),https://nsearchives.nseindia.com/content/historical/EQUITIES/2025/MAR/cm31MAR2025bhav.csv.zip,
liquid-2025-03-31,2025-03-31,INE03JT01014,GODIGIT,,,traded EQ every one of 60 sessions to 2025-03-31; rank by mean daily traded value (700696549 INR),https://nsearchives.nseindia.com/content/historical/EQUITIES/2025/MAR/cm31MAR2025bhav.csv.zip,
liquid-2025-03-31,2025-03-31,INE288B01029,DEEPAKNTR,Deepak Nitrite Limited,,traded EQ every one of 60 sessions to 2025-03-31; rank by mean daily traded value (699249043 INR),https://nsearchives.nseindia.com/content/historical/EQUITIES/2025/MAR/cm31MAR2025bhav.csv.zip,
liquid-2025-03-31,2025-03-31,INE151A01013,TATACOMM,Tata Communications Limited,,traded EQ every one of 60 sessions to 2025-03-31; rank by mean daily traded value (696345594 INR),https://nsearchives.nseindia.com/content/historical/EQUITIES/2025/MAR/cm31MAR2025bhav.csv.zip,
liquid-2025-03-31,2025-03-31,INE619B01017,NEWGEN,Newgen Software Technologies Limited,,traded EQ every one of 60 sessions to 2025-03-31; rank by mean daily traded value (695192717 INR),https://nsearchives.nseindia.com/content/historical/EQUITIES/2025/MAR/cm31MAR2025bhav.csv.zip,
liquid-2025-03-31,2025-03-31,INE540L01014,ALKEM,Alkem Laboratories Limited,,traded EQ every one of 60 sessions to 2025-03-31; rank by mean daily traded value (692974492 INR),https://nsearchives.nseindia.com/content/historical/EQUITIES/2025/MAR/cm31MAR2025bhav.csv.zip,
liquid-2025-03-31,2025-03-31,INE148O01028,DELHIVERY,Delhivery Limited,,traded EQ every one of 60 sessions to 2025-03-31; rank by mean daily traded value (681173653 INR),https://nsearchives.nseindia.com/content/historical/EQUITIES/2025/MAR/cm31MAR2025bhav.csv.zip,
liquid-2025-03-31,2025-03-31,INE0NT901020,NETWEB,Netweb Technologies India Limited,,traded EQ every one of 60 sessions to 2025-03-31; rank by mean daily traded value (674843042 INR),https://nsearchives.nseindia.com/content/historical/EQUITIES/2025/MAR/cm31MAR2025bhav.csv.zip,
liquid-2025-03-31,2025-03-31,INE530B01024,IIFL,IIFL Finance Limited,,traded EQ every one of 60 sessions to 2025-03-31; rank by mean daily traded value (674357154 INR),https://nsearchives.nseindia.com/content/historical/EQUITIES/2025/MAR/cm31MAR2025bhav.csv.zip,
liquid-2025-03-31,2025-03-31,INE191H01014,PVRINOX,PVR INOX Limited,,traded EQ every one of 60 sessions to 2025-03-31; rank by mean daily traded value (673622496 INR),https://nsearchives.nseindia.com/content/historical/EQUITIES/2025/MAR/cm31MAR2025bhav.csv.zip,
liquid-2025-03-31,2025-03-31,INE438A01022,APOLLOTYRE,Apollo Tyres Limited,,traded EQ every one of 60 sessions to 2025-03-31; rank by mean daily traded value (673137288 INR),https://nsearchives.nseindia.com/content/historical/EQUITIES/2025/MAR/cm31MAR2025bhav.csv.zip,
liquid-2025-03-31,2025-03-31,INE0DYJ01015,SYRMA,Syrma SGS Technology Limited,,traded EQ every one of 60 sessions to 2025-03-31; rank by mean daily traded value (663318135 INR),https://nsearchives.nseindia.com/content/historical/EQUITIES/2025/MAR/cm31MAR2025bhav.csv.zip,
liquid-2025-03-31,2025-03-31,INE07O001026,EASEMYTRIP,Easy Trip Planners Limited,,traded EQ every one of 60 sessions to 2025-03-31; rank by mean daily traded value (658537911 INR),https://nsearchives.nseindia.com/content/historical/EQUITIES/2025/MAR/cm31MAR2025bhav.csv.zip,
liquid-2025-03-31,2025-03-31,INE672A01018,TATAINVEST,Tata Investment Corporation Limited,,traded EQ every one of 60 sessions to 2025-03-31; rank by mean daily traded value (654766098 INR),https://nsearchives.nseindia.com/content/historical/EQUITIES/2025/MAR/cm31MAR2025bhav.csv.zip,
liquid-2025-03-31,2025-03-31,INE191B01025,WELCORP,Welspun Corp Limited,,traded EQ every one of 60 sessions to 2025-03-31; rank by mean daily traded value (653317513 INR),https://nsearchives.nseindia.com/content/historical/EQUITIES/2025/MAR/cm31MAR2025bhav.csv.zip,
liquid-2025-03-31,2025-03-31,INE298J01013,NAM-INDIA,Nippon Life India Asset Management Limited,,traded EQ every one of 60 sessions to 2025-03-31; rank by mean daily traded value (650691619 INR),https://nsearchives.nseindia.com/content/historical/EQUITIES/2025/MAR/cm31MAR2025bhav.csv.zip,
liquid-2025-03-31,2025-03-31,INE0RB801010,SENORES,Senores Pharmaceuticals Limited,,traded EQ every one of 60 sessions to 2025-03-31; rank by mean daily traded value (648783276 INR),https://nsearchives.nseindia.com/content/historical/EQUITIES/2025/MAR/cm31MAR2025bhav.csv.zip,
