cohort_id,as_of_date,rank,symbol,isin,avg_daily_value_60d,sessions_traded,selection_reason
liquid-2026-08-11,2026-08-11,1,HDFCBANK,INE040A01034,27153400661.62,60,"top 500 by mean daily traded value over 60 sessions ending 2026-08-11; EQ series, traded every session"
liquid-2026-08-11,2026-08-11,2,ICICIBANK,INE090A01021,19796082131.63,60,"top 500 by mean daily traded value over 60 sessions ending 2026-08-11; EQ series, traded every session"
liquid-2026-08-11,2026-08-11,3,RELIANCE,INE002A01018,18796663909.44,60,"top 500 by mean daily traded value over 60 sessions ending 2026-08-11; EQ series, traded every session"
liquid-2026-08-11,2026-08-11,4,INFY,INE009A01021,16878220661.14,60,"top 500 by mean daily traded value over 60 sessions ending 2026-08-11; EQ series, traded every session"
liquid-2026-08-11,2026-08-11,5,BHARTIARTL,INE397D01024,13925492693.38,60,"top 500 by mean daily traded value over 60 sessions ending 2026-08-11; EQ series, traded every session"
liquid-2026-08-11,2026-08-11,6,BSE,INE118H01025,13679770605.65,60,"top 500 by mean daily traded value over 60 sessions ending 2026-08-11; EQ series, traded every session"
liquid-2026-08-11,2026-08-11,7,SBIN,INE062A01020,12639221272.26,60,"top 500 by mean daily traded value over 60 sessions ending 2026-08-11; EQ series, traded every session"
liquid-2026-08-11,2026-08-11,8,KALYANKJIL,INE303R01014,11652273464.26,60,"top 500 by mean daily traded value over 60 sessions ending 2026-08-11; EQ series, traded every session"
liquid-2026-08-11,2026-08-11,9,TCS,INE467B01029,11286562798.10,60,"top 500 by mean daily traded value over 60 sessions ending 2026-08-11; EQ series, traded every session"
liquid-2026-08-11,2026-08-11,10,BAJFINANCE,INE296A01032,10003076647.98,60,"top 500 by mean daily traded value over 60 sessions ending 2026-08-11; EQ series, traded every session"
liquid-2026-08-11,2026-08-11,11,AXISBANK,INE238A01034,9231816210.16,60,"top 500 by mean daily traded value over 60 sessions ending 2026-08-11; EQ series, traded every session"
liquid-2026-08-11,2026-08-11,12,M&M,INE101A01026,9155181758.97,60,"top 500 by mean daily traded value over 60 sessions ending 2026-08-11; EQ series, traded every session"
liquid-2026-08-11,2026-08-11,13,MCX,INE745G01043,8847373923.78,60,"top 500 by mean daily traded value over 60 sessions ending 2026-08-11; EQ series, traded every session"
liquid-2026-08-11,2026-08-11,14,ETERNAL,INE758T01015,8784881069.43,60,"top 500 by mean daily traded value over 60 sessions ending 2026-08-11; EQ series, traded every session"
liquid-2026-08-11,2026-08-11,15,APOLLO,INE713T01028,8365048196.35,60,"top 500 by mean daily traded value over 60 sessions ending 2026-08-11; EQ series, traded every session"
liquid-2026-08-11,2026-08-11,16,NETWEB,INE0NT901020,8007626628.95,60,"top 500 by mean daily traded value over 60 sessions ending 2026-08-11; EQ series, traded every session"
liquid-2026-08-11,2026-08-11,17,LT,INE018A01030,7907735564.04,60,"top 500 by mean daily traded value over 60 sessions ending 2026-08-11; EQ series, traded every session"
liquid-2026-08-11,2026-08-11,18,HSCL,INE019C01026,7775750926.49,60,"top 500 by mean daily traded value over 60 sessions ending 2026-08-11; EQ series, traded every session"
liquid-2026-08-11,2026-08-11,19,IDEA,INE669E01016,7154376764.61,60,"top 500 by mean daily traded value over 60 sessions ending 2026-08-11; EQ series, traded every session"
liquid-2026-08-11,2026-08-11,20,DIXON,INE935N01020,7140930520.15,60,"top 500 by mean daily traded value over 60 sessions ending 2026-08-11; EQ series, traded every session"
liquid-2026-08-11,2026-08-11,21,ADANIPOWER,INE814H01029,7047698700.88,60,"top 500 by mean daily traded value over 60 sessions ending 2026-08-11; EQ series, traded every session"
liquid-2026-08-11,2026-08-11,22,HFCL,INE548A01028,6659997579.20,60,"top 500 by mean daily traded value over 60 sessions ending 2026-08-11; EQ series, traded every session"
liquid-2026-08-11,2026-08-11,23,GROWW,INE0HOQ01053,6452516180.41,60,"top 500 by mean daily traded value over 60 sessions ending 2026-08-11; EQ series, traded every session"
liquid-2026-08-11,2026-08-11,24,MARUTI,INE585B01010,6423551769.62,60,"top 500 by mean daily traded value over 60 sessions ending 2026-08-11; EQ series, traded every session"
liquid-2026-08-11,2026-08-11,25,CUPID,INE509F01029,6319746828.44,60,"top 500 by mean daily traded value over 60 sessions ending 2026-08-11; EQ series, traded every session"
liquid-2026-08-11,2026-08-11,26,HINDALCO,INE038A01020,6167534384.00,60,"top 500 by mean daily traded value over 60 sessions ending 2026-08-11; EQ series, traded every session"
liquid-2026-08-11,2026-08-11,27,POWERINDIA,INE07Y701011,6032345444.08,60,"top 500 by mean daily traded value over 60 sessions ending 2026-08-11; EQ series, traded every session"
liquid-2026-08-11,2026-08-11,28,KOTAKBANK,INE237A01036,6000767688.18,60,"top 500 by mean daily traded value over 60 sessions ending 2026-08-11; EQ series, traded every session"
liquid-2026-08-11,2026-08-11,29,VEDL,INE205A01025,5970207062.82,60,"top 500 by mean daily traded value over 60 sessions ending 2026-08-11; EQ series, traded every session"
liquid-2026-08-11,2026-08-11,30,SILVERBEES,INF204KC1402,5963678729.27,60,"top 500 by mean daily traded value over 60 sessions ending 2026-08-11; EQ series, traded every session"
liquid-2026-08-11,2026-08-11,31,SHRIRAMFIN,INE721A01047,5823318354.24,60,"top 500 by mean daily traded value over 60 sessions ending 2026-08-11; EQ series, traded every session"
liquid-2026-08-11,2026-08-11,32,ADANIENT,INE423A01024,5673329363.20,60,"top 500 by mean daily traded value over 60 sessions ending 2026-08-11; EQ series, traded every session"
liquid-2026-08-11,2026-08-11,33,ATHERENERG,INE0LEZ01016,5572347040.23,60,"top 500 by mean daily traded value over 60 sessions ending 2026-08-11; EQ series, traded every session"
liquid-2026-08-11,2026-08-11,34,INDIGO,INE646L01027,5543475528.06,60,"top 500 by mean daily traded value over 60 sessions ending 2026-08-11; EQ series, traded every session"
liquid-2026-08-11,2026-08-11,35,TATASTEEL,INE081A01020,5514884515.67,60,"top 500 by mean daily traded value over 60 sessions ending 2026-08-11; EQ series, traded every session"
liquid-2026-08-11,2026-08-11,36,COFORGE,INE591G01025,5435926123.01,60,"top 500 by mean daily traded value over 60 sessions ending 2026-08-11; EQ series, traded every session"
liquid-2026-08-11,2026-08-11,37,COALINDIA,INE522F01014,5261611425.44,60,"top 500 by mean daily traded value over 60 sessions ending 2026-08-11; EQ series, traded every session"
liquid-2026-08-11,2026-08-11,38,BHEL,INE257A01026,5245550317.01,60,"top 500 by mean daily traded value over 60 sessions ending 2026-08-11; EQ series, traded every session"
liquid-2026-08-11,2026-08-11,39,BEL,INE263A01024,5239282052.09,60,"top 500 by mean daily traded value over 60 sessions ending 2026-08-11; EQ series, traded every session"
liquid-2026-08-11,2026-08-11,40,OLAELEC,INE0LXG01040,5093991370.98,60,"top 500 by mean daily traded value over 60 sessions ending 2026-08-11; EQ series, traded every session"
liquid-2026-08-11,2026-08-11,41,GVT&D,INE200A01026,5056155720.88,60,"top 500 by mean daily traded value over 60 sessions ending 2026-08-11; EQ series, traded every session"
liquid-2026-08-11,2026-08-11,42,DATAPATTNS,INE0IX101010,4846933791.29,60,"top 500 by mean daily traded value over 60 sessions ending 2026-08-11; EQ series, traded every session"
liquid-2026-08-11,2026-08-11,43,SWIGGY,INE00H001014,4830097529.91,60,"top 500 by mean daily traded value over 60 sessions ending 2026-08-11; EQ series, traded every session"
liquid-2026-08-11,2026-08-11,44,TVSMOTOR,INE494B01023,4782418363.64,60,"top 500 by mean daily traded value over 60 sessions ending 2026-08-11; EQ series, traded every session"
liquid-2026-08-11,2026-08-11,45,IFCI,INE039A01010,4685899405.73,60,"top 500 by mean daily traded value over 60 sessions ending 2026-08-11; EQ series, traded every session"
liquid-2026-08-11,2026-08-11,46,HCLTECH,INE860A01027,4681850985.64,60,"top 500 by mean daily traded value over 60 sessions ending 2026-08-11; EQ series, traded every session"
liquid-2026-08-11,2026-08-11,47,WIPRO,INE075A01022,4679230333.98,60,"top 500 by mean daily traded value over 60 sessions ending 2026-08-11; EQ series, traded every session"
liquid-2026-08-11,2026-08-11,48,ITC,INE154A01025,4666182557.27,60,"top 500 by mean daily traded value over 60 sessions ending 2026-08-11; EQ series, traded every session"
liquid-2026-08-11,2026-08-11,49,SUNPHARMA,INE044A01036,4633378131.29,60,"top 500 by mean daily traded value over 60 sessions ending 2026-08-11; EQ series, traded every session"
liquid-2026-08-11,2026-08-11,50,SUZLON,INE040H01021,4600747949.29,60,"top 500 by mean daily traded value over 60 sessions ending 2026-08-11; EQ series, traded every session"
liquid-2026-08-11,2026-08-11,51,KAYNES,INE918Z01012,4565387913.52,60,"top 500 by mean daily traded value over 60 sessions ending 2026-08-11; EQ series, traded every session"
liquid-2026-08-11,2026-08-11,52,TRENT,INE849A01020,4559184557.32,60,"top 500 by mean daily traded value over 60 sessions ending 2026-08-11; EQ series, traded every session"
liquid-2026-08-11,2026-08-11,53,EICHERMOT,INE066A01021,4530101863.45,60,"top 500 by mean daily traded value over 60 sessions ending 2026-08-11; EQ series, traded every session"
liquid-2026-08-11,2026-08-11,54,ADANIGREEN,INE364U01010,4491533022.40,60,"top 500 by mean daily traded value over 60 sessions ending 2026-08-11; EQ series, traded every session"
liquid-2026-08-11,2026-08-11,55,PAYTM,INE982J01020,4338732108.62,60,"top 500 by mean daily traded value over 60 sessions ending 2026-08-11; EQ series, traded every session"
liquid-2026-08-11,2026-08-11,56,BAJAJ-AUTO,INE917I01010,4275775320.92,60,"top 500 by mean daily traded value over 60 sessions ending 2026-08-11; EQ series, traded every session"
liquid-2026-08-11,2026-08-11,57,TECHM,INE669C01036,4265702243.04,60,"top 500 by mean daily traded value over 60 sessions ending 2026-08-11; EQ series, traded every session"
liquid-2026-08-11,2026-08-11,58,TITAN,INE280A01028,4251233241.55,60,"top 500 by mean daily traded value over 60 sessions ending 2026-08-11; EQ series, traded every session"
liquid-2026-08-11,2026-08-11,59,HINDUNILVR,INE030A01027,4242716848.55,60,"top 500 by mean daily traded value over 60 sessions ending 2026-08-11; EQ series, traded every session"
liquid-2026-08-11,2026-08-11,60,ADANIENSOL,INE931S01010,4229722515.23,60,"top 500 by mean daily traded value over 60 sessions ending 2026-08-11; EQ series, traded every session"
liquid-2026-08-11,2026-08-11,61,ZEEL,INE256A01028,4225862293.62,60,"top 500 by mean daily traded value over 60 sessions ending 2026-08-11; EQ series, traded every session"
liquid-2026-08-11,2026-08-11,62,NATIONALUM,INE139A01034,4210772704.17,60,"top 500 by mean daily traded value over 60 sessions ending 2026-08-11; EQ series, traded every session"
liquid-2026-08-11,2026-08-11,63,NTPC,INE733E01010,4201778283.28,60,"top 500 by mean daily traded value over 60 sessions ending 2026-08-11; EQ series, traded every session"
liquid-2026-08-11,2026-08-11,64,HAL,INE066F01020,4108482424.05,60,"top 500 by mean daily traded value over 60 sessions ending 2026-08-11; EQ series, traded every session"
liquid-2026-08-11,2026-08-11,65,PINELABS,INE15B701018,4057855591.11,60,"top 500 by mean daily traded value over 60 sessions ending 2026-08-11; EQ series, traded every session"
liquid-2026-08-11,2026-08-11,66,CGPOWER,INE067A01029,4044186992.83,60,"top 500 by mean daily traded value over 60 sessions ending 2026-08-11; EQ series, traded every session"
liquid-2026-08-11,2026-08-11,67,TMPV,INE155A01022,3963875507.77,60,"top 500 by mean daily traded value over 60 sessions ending 2026-08-11; EQ series, traded every session"
liquid-2026-08-11,2026-08-11,68,ATGL,INE399L01023,3949632673.24,60,"top 500 by mean daily traded value over 60 sessions ending 2026-08-11; EQ series, traded every session"
liquid-2026-08-11,2026-08-11,69,ASHOKLEY,INE208A01029,3924821150.32,60,"top 500 by mean daily traded value over 60 sessions ending 2026-08-11; EQ series, traded every session"
liquid-2026-08-11,2026-08-11,70,PARAS,INE045601023,3908639767.46,60,"top 500 by mean daily traded value over 60 sessions ending 2026-08-11; EQ series, traded every session"
liquid-2026-08-11,2026-08-11,71,PERSISTENT,INE262H01021,3895932274.57,60,"top 500 by mean daily traded value over 60 sessions ending 2026-08-11; EQ series, traded every session"
liquid-2026-08-11,2026-08-11,72,JIOFIN,INE758E01017,3840256268.84,60,"top 500 by mean daily traded value over 60 sessions ending 2026-08-11; EQ series, traded every session"
liquid-2026-08-11,2026-08-11,73,ADANIPORTS,INE742F01042,3799795633.45,60,"top 500 by mean daily traded value over 60 sessions ending 2026-08-11; EQ series, traded every session"
liquid-2026-08-11,2026-08-11,74,OFSS,INE881D01027,3799567831.34,60,"top 500 by mean daily traded value over 60 sessions ending 2026-08-11; EQ series, traded every session"
liquid-2026-08-11,2026-08-11,75,ONGC,INE213A01029,3787362944.13,60,"top 500 by mean daily traded value over 60 sessions ending 2026-08-11; EQ series, traded every session"
liquid-2026-08-11,2026-08-11,76,MEESHO,INE0VDM01015,3764143446.74,60,"top 500 by mean daily traded value over 60 sessions ending 2026-08-11; EQ series, traded every session"
liquid-2026-08-11,2026-08-11,77,MOTHERSON,INE775A01035,3648496508.20,60,"top 500 by mean daily traded value over 60 sessions ending 2026-08-11; EQ series, traded every session"
liquid-2026-08-11,2026-08-11,78,CANBK,INE476A01022,3644750253.19,60,"top 500 by mean daily traded value over 60 sessions ending 2026-08-11; EQ series, traded every session"
liquid-2026-08-11,2026-08-11,79,HEROMOTOCO,INE158A01026,3644303995.98,60,"top 500 by mean daily traded value over 60 sessions ending 2026-08-11; EQ series, traded every session"
liquid-2026-08-11,2026-08-11,80,TMCV,INE1TAE01010,3602047335.52,60,"top 500 by mean daily traded value over 60 sessions ending 2026-08-11; EQ series, traded every session"
liquid-2026-08-11,2026-08-11,81,FEDERALBNK,INE171A01029,3568042388.08,60,"top 500 by mean daily traded value over 60 sessions ending 2026-08-11; EQ series, traded every session"
liquid-2026-08-11,2026-08-11,82,ULTRACEMCO,INE481G01011,3556928167.42,60,"top 500 by mean daily traded value over 60 sessions ending 2026-08-11; EQ series, traded every session"
liquid-2026-08-11,2026-08-11,83,LIQUIDBEES,INF732E01037,3477133343.07,60,"top 500 by mean daily traded value over 60 sessions ending 2026-08-11; EQ series, traded every session"
liquid-2026-08-11,2026-08-11,84,LAURUSLABS,INE947Q01028,3430268603.93,60,"top 500 by mean daily traded value over 60 sessions ending 2026-08-11; EQ series, traded every session"
liquid-2026-08-11,2026-08-11,85,SAIL,INE114A01011,3428673335.64,60,"top 500 by mean daily traded value over 60 sessions ending 2026-08-11; EQ series, traded every session"
liquid-2026-08-11,2026-08-11,86,POLICYBZR,INE417T01026,3427489117.22,60,"top 500 by mean daily traded value over 60 sessions ending 2026-08-11; EQ series, traded every session"
liquid-2026-08-11,2026-08-11,87,WOCKPHARMA,INE049B01025,3386855712.51,60,"top 500 by mean daily traded value over 60 sessions ending 2026-08-11; EQ series, traded every session"
liquid-2026-08-11,2026-08-11,88,LICI,INE0J1Y01017,3381473932.87,60,"top 500 by mean daily traded value over 60 sessions ending 2026-08-11; EQ series, traded every session"
liquid-2026-08-11,2026-08-11,89,TEJASNET,INE010J01012,3364073869.96,60,"top 500 by mean daily traded value over 60 sessions ending 2026-08-11; EQ series, traded every session"
liquid-2026-08-11,2026-08-11,90,AEGISLOG,INE208C01025,3330565526.03,60,"top 500 by mean daily traded value over 60 sessions ending 2026-08-11; EQ series, traded every session"
liquid-2026-08-11,2026-08-11,91,ASIANPAINT,INE021A01026,3306213793.08,60,"top 500 by mean daily traded value over 60 sessions ending 2026-08-11; EQ series, traded every session"
liquid-2026-08-11,2026-08-11,92,BANKBARODA,INE028A01039,3299911882.83,60,"top 500 by mean daily traded value over 60 sessions ending 2026-08-11; EQ series, traded every session"
liquid-2026-08-11,2026-08-11,93,DIVISLAB,INE361B01024,3285827226.43,60,"top 500 by mean daily traded value over 60 sessions ending 2026-08-11; EQ series, traded every session"
liquid-2026-08-11,2026-08-11,94,LENSKART,INE956O01016,3255207890.19,60,"top 500 by mean daily traded value over 60 sessions ending 2026-08-11; EQ series, traded every session"
liquid-2026-08-11,2026-08-11,95,VBL,INE200M01039,3239824091.27,60,"top 500 by mean daily traded value over 60 sessions ending 2026-08-11; EQ series, traded every session"
liquid-2026-08-11,2026-08-11,96,TORNTPHARM,INE685A01028,3185512841.55,60,"top 500 by mean daily traded value over 60 sessions ending 2026-08-11; EQ series, traded every session"
liquid-2026-08-11,2026-08-11,97,NESTLEIND,INE239A01024,3166711570.92,60,"top 500 by mean daily traded value over 60 sessions ending 2026-08-11; EQ series, traded every session"
liquid-2026-08-11,2026-08-11,98,MUTHOOTFIN,INE414G01012,3141070110.27,60,"top 500 by mean daily traded value over 60 sessions ending 2026-08-11; EQ series, traded every session"
liquid-2026-08-11,2026-08-11,99,NAUKRI,INE663F01032,3117921923.27,60,"top 500 by mean daily traded value over 60 sessions ending 2026-08-11; EQ series, traded every session"
liquid-2026-08-11,2026-08-11,100,POLYCAB,INE455K01017,3110748354.71,60,"top 500 by mean daily traded value over 60 sessions ending 2026-08-11; EQ series, traded every session"
liquid-2026-08-11,2026-08-11,101,LODHA,INE670K01029,3109086555.26,60,"top 500 by mean daily traded value over 60 sessions ending 2026-08-11; EQ series, traded every session"
liquid-2026-08-11,2026-08-11,102,POWERGRID,INE752E01010,3104789134.88,60,"top 500 by mean daily traded value over 60 sessions ending 2026-08-11; EQ series, traded every session"
liquid-2026-08-11,2026-08-11,103,APOLLOHOSP,INE437A01024,3077528569.59,60,"top 500 by mean daily traded value over 60 sessions ending 2026-08-11; EQ series, traded every session"
liquid-2026-08-11,2026-08-11,104,AMBER,INE371P01015,3021206964.33,60,"top 500 by mean daily traded value over 60 sessions ending 2026-08-11; EQ series, traded every session"
liquid-2026-08-11,2026-08-11,105,BLUESTONE,INE304W01038,3017148585.06,60,"top 500 by mean daily traded value over 60 sessions ending 2026-08-11; EQ series, traded every session"
liquid-2026-08-11,2026-08-11,106,GOLDBEES,INF204KB17I5,2880642772.81,60,"top 500 by mean daily traded value over 60 sessions ending 2026-08-11; EQ series, traded every session"
liquid-2026-08-11,2026-08-11,107,CHOLAFIN,INE121A01024,2864840195.94,60,"top 500 by mean daily traded value over 60 sessions ending 2026-08-11; EQ series, traded every session"
liquid-2026-08-11,2026-08-11,108,DRREDDY,INE089A01031,2804675575.34,60,"top 500 by mean daily traded value over 60 sessions ending 2026-08-11; EQ series, traded every session"
liquid-2026-08-11,2026-08-11,109,ABB,INE117A01022,2776655764.60,60,"top 500 by mean daily traded value over 60 sessions ending 2026-08-11; EQ series, traded every session"
liquid-2026-08-11,2026-08-11,110,CUMMINSIND,INE298A01020,2776439040.16,60,"top 500 by mean daily traded value over 60 sessions ending 2026-08-11; EQ series, traded every session"
liquid-2026-08-11,2026-08-11,111,DLF,INE271C01023,2775735610.89,60,"top 500 by mean daily traded value over 60 sessions ending 2026-08-11; EQ series, traded every session"
liquid-2026-08-11,2026-08-11,112,WAAREEENER,INE377N01017,2742978417.40,60,"top 500 by mean daily traded value over 60 sessions ending 2026-08-11; EQ series, traded every session"
liquid-2026-08-11,2026-08-11,113,INDIANB,INE562A01011,2684080306.97,60,"top 500 by mean daily traded value over 60 sessions ending 2026-08-11; EQ series, traded every session"
liquid-2026-08-11,2026-08-11,114,SOLARINDS,INE343H01029,2674399454.25,60,"top 500 by mean daily traded value over 60 sessions ending 2026-08-11; EQ series, traded every session"
liquid-2026-08-11,2026-08-11,115,PFC,INE134E01011,2671948697.16,60,"top 500 by mean daily traded value over 60 sessions ending 2026-08-11; EQ series, traded every session"
liquid-2026-08-11,2026-08-11,116,MAXHEALTH,INE027H01010,2658461560.71,60,"top 500 by mean daily traded value over 60 sessions ending 2026-08-11; EQ series, traded every session"
liquid-2026-08-11,2026-08-11,117,ENRIN,INE1NPP01017,2631937685.59,60,"top 500 by mean daily traded value over 60 sessions ending 2026-08-11; EQ series, traded every session"
liquid-2026-08-11,2026-08-11,118,UNIONBANK,INE692A01016,2618769676.19,60,"top 500 by mean daily traded value over 60 sessions ending 2026-08-11; EQ series, traded every session"
liquid-2026-08-11,2026-08-11,119,INDUSTOWER,INE121J01017,2597484188.54,60,"top 500 by mean daily traded value over 60 sessions ending 2026-08-11; EQ series, traded every session"
liquid-2026-08-11,2026-08-11,120,HINDPETRO,INE094A01015,2591078350.98,60,"top 500 by mean daily traded value over 60 sessions ending 2026-08-11; EQ series, traded every session"
liquid-2026-08-11,2026-08-11,121,CARTRADE,INE290S01011,2585322860.56,60,"top 500 by mean daily traded value over 60 sessions ending 2026-08-11; EQ series, traded every session"
liquid-2026-08-11,2026-08-11,122,BANDHANBNK,INE545U01014,2582064237.48,60,"top 500 by mean daily traded value over 60 sessions ending 2026-08-11; EQ series, traded every session"
liquid-2026-08-11,2026-08-11,123,SAMMAANCAP,INE148I01020,2556148783.91,60,"top 500 by mean daily traded value over 60 sessions ending 2026-08-11; EQ series, traded every session"
liquid-2026-08-11,2026-08-11,124,NYKAA,INE388Y01029,2493768749.82,60,"top 500 by mean daily traded value over 60 sessions ending 2026-08-11; EQ series, traded every session"
liquid-2026-08-11,2026-08-11,125,DMART,INE192R01011,2472128194.61,60,"top 500 by mean daily traded value over 60 sessions ending 2026-08-11; EQ series, traded every session"
liquid-2026-08-11,2026-08-11,126,HYUNDAI,INE0V6F01027,2471454887.05,60,"top 500 by mean daily traded value over 60 sessions ending 2026-08-11; EQ series, traded every session"
liquid-2026-08-11,2026-08-11,127,BHARATFORG,INE465A01025,2471296976.64,60,"top 500 by mean daily traded value over 60 sessions ending 2026-08-11; EQ series, traded every session"
liquid-2026-08-11,2026-08-11,128,HINDCOPPER,INE531E01026,2433950069.06,60,"top 500 by mean daily traded value over 60 sessions ending 2026-08-11; EQ series, traded every session"
liquid-2026-08-11,2026-08-11,129,BPCL,INE029A01011,2392026369.10,60,"top 500 by mean daily traded value over 60 sessions ending 2026-08-11; EQ series, traded every session"
liquid-2026-08-11,2026-08-11,130,APARINDS,INE372A01015,2384071595.65,60,"top 500 by mean daily traded value over 60 sessions ending 2026-08-11; EQ series, traded every session"
liquid-2026-08-11,2026-08-11,131,ZENSARTECH,INE520A01027,2383297714.34,60,"top 500 by mean daily traded value over 60 sessions ending 2026-08-11; EQ series, traded every session"
liquid-2026-08-11,2026-08-11,132,ANGELONE,INE732I01021,2379355142.53,60,"top 500 by mean daily traded value over 60 sessions ending 2026-08-11; EQ series, traded every session"
liquid-2026-08-11,2026-08-11,133,HINDZINC,INE267A01025,2375979928.62,60,"top 500 by mean daily traded value over 60 sessions ending 2026-08-11; EQ series, traded every session"
liquid-2026-08-11,2026-08-11,134,LUPIN,INE326A01037,2347715587.93,60,"top 500 by mean daily traded value over 60 sessions ending 2026-08-11; EQ series, traded every session"
liquid-2026-08-11,2026-08-11,135,YESBANK,INE528G01035,2347011328.45,60,"top 500 by mean daily traded value over 60 sessions ending 2026-08-11; EQ series, traded every session"
liquid-2026-08-11,2026-08-11,136,HDFCAMC,INE127D01025,2335529644.97,60,"top 500 by mean daily traded value over 60 sessions ending 2026-08-11; EQ series, traded every session"
liquid-2026-08-11,2026-08-11,137,CDSL,INE736A01011,2323102844.17,60,"top 500 by mean daily traded value over 60 sessions ending 2026-08-11; EQ series, traded every session"
liquid-2026-08-11,2026-08-11,138,BAJAJFINSV,INE918I01026,2321500733.69,60,"top 500 by mean daily traded value over 60 sessions ending 2026-08-11; EQ series, traded every session"
liquid-2026-08-11,2026-08-11,139,GRASIM,INE047A01021,2313400976.68,60,"top 500 by mean daily traded value over 60 sessions ending 2026-08-11; EQ series, traded every session"
liquid-2026-08-11,2026-08-11,140,KPITTECH,INE04I401011,2311083420.75,60,"top 500 by mean daily traded value over 60 sessions ending 2026-08-11; EQ series, traded every session"
liquid-2026-08-11,2026-08-11,141,JPPOWER,INE351F01018,2295698636.25,60,"top 500 by mean daily traded value over 60 sessions ending 2026-08-11; EQ series, traded every session"
liquid-2026-08-11,2026-08-11,142,GMRAIRPORT,INE776C01039,2219106434.58,60,"top 500 by mean daily traded value over 60 sessions ending 2026-08-11; EQ series, traded every session"
liquid-2026-08-11,2026-08-11,143,CIPLA,INE059A01026,2208123227.24,60,"top 500 by mean daily traded value over 60 sessions ending 2026-08-11; EQ series, traded every session"
liquid-2026-08-11,2026-08-11,144,GLAND,INE068V01023,2201438648.93,60,"top 500 by mean daily traded value over 60 sessions ending 2026-08-11; EQ series, traded every session"
liquid-2026-08-11,2026-08-11,145,DELHIVERY,INE148O01028,2198208075.21,60,"top 500 by mean daily traded value over 60 sessions ending 2026-08-11; EQ series, traded every session"
liquid-2026-08-11,2026-08-11,146,REDINGTON,INE891D01026,2185564401.71,60,"top 500 by mean daily traded value over 60 sessions ending 2026-08-11; EQ series, traded every session"
liquid-2026-08-11,2026-08-11,147,MRPL,INE103A01014,2167942586.98,60,"top 500 by mean daily traded value over 60 sessions ending 2026-08-11; EQ series, traded every session"
liquid-2026-08-11,2026-08-11,148,INDUSINDBK,INE095A01012,2130561476.26,60,"top 500 by mean daily traded value over 60 sessions ending 2026-08-11; EQ series, traded every session"
liquid-2026-08-11,2026-08-11,149,LTM,INE214T01019,2121030577.99,60,"top 500 by mean daily traded value over 60 sessions ending 2026-08-11; EQ series, traded every session"
liquid-2026-08-11,2026-08-11,150,EXIDEIND,INE302A01020,2119963599.21,60,"top 500 by mean daily traded value over 60 sessions ending 2026-08-11; EQ series, traded every session"
liquid-2026-08-11,2026-08-11,151,PCJEWELLER,INE785M01021,2102016083.14,60,"top 500 by mean daily traded value over 60 sessions ending 2026-08-11; EQ series, traded every session"
liquid-2026-08-11,2026-08-11,152,JSWSTEEL,INE019A01038,2101278809.94,60,"top 500 by mean daily traded value over 60 sessions ending 2026-08-11; EQ series, traded every session"
liquid-2026-08-11,2026-08-11,153,LIQUIDCASE,INF0R8F01034,2091652554.04,60,"top 500 by mean daily traded value over 60 sessions ending 2026-08-11; EQ series, traded every session"
liquid-2026-08-11,2026-08-11,154,CHENNPETRO,INE178A01016,2089757984.61,60,"top 500 by mean daily traded value over 60 sessions ending 2026-08-11; EQ series, traded every session"
liquid-2026-08-11,2026-08-11,155,NMDC,INE584A01023,2087343686.93,60,"top 500 by mean daily traded value over 60 sessions ending 2026-08-11; EQ series, traded every session"
liquid-2026-08-11,2026-08-11,156,PNB,INE160A01022,2086429630.54,60,"top 500 by mean daily traded value over 60 sessions ending 2026-08-11; EQ series, traded every session"
liquid-2026-08-11,2026-08-11,157,NHPC,INE848E01016,2058283644.41,60,"top 500 by mean daily traded value over 60 sessions ending 2026-08-11; EQ series, traded every session"
liquid-2026-08-11,2026-08-11,158,KEI,INE878B01027,2050186538.59,60,"top 500 by mean daily traded value over 60 sessions ending 2026-08-11; EQ series, traded every session"
liquid-2026-08-11,2026-08-11,159,RBLBANK,INE976G01028,2036182068.54,60,"top 500 by mean daily traded value over 60 sessions ending 2026-08-11; EQ series, traded every session"
liquid-2026-08-11,2026-08-11,160,HDFCLIFE,INE795G01014,2035577802.02,60,"top 500 by mean daily traded value over 60 sessions ending 2026-08-11; EQ series, traded every session"
liquid-2026-08-11,2026-08-11,161,MAZDOCK,INE249Z01020,2034377763.71,60,"top 500 by mean daily traded value over 60 sessions ending 2026-08-11; EQ series, traded every session"
liquid-2026-08-11,2026-08-11,162,BIOCON,INE376G01013,2018643268.43,60,"top 500 by mean daily traded value over 60 sessions ending 2026-08-11; EQ series, traded every session"
liquid-2026-08-11,2026-08-11,163,COCHINSHIP,INE704P01025,2008345880.23,60,"top 500 by mean daily traded value over 60 sessions ending 2026-08-11; EQ series, traded every session"
liquid-2026-08-11,2026-08-11,164,PATANJALI,INE619A01035,1982373019.83,60,"top 500 by mean daily traded value over 60 sessions ending 2026-08-11; EQ series, traded every session"
liquid-2026-08-11,2026-08-11,165,IDFCFIRSTB,INE092T01019,1977318481.91,60,"top 500 by mean daily traded value over 60 sessions ending 2026-08-11; EQ series, traded every session"
liquid-2026-08-11,2026-08-11,166,FORCEMOT,INE451A01017,1973488064.05,60,"top 500 by mean daily traded value over 60 sessions ending 2026-08-11; EQ series, traded every session"
liquid-2026-08-11,2026-08-11,167,AUROPHARMA,INE406A01037,1966190047.97,60,"top 500 by mean daily traded value over 60 sessions ending 2026-08-11; EQ series, traded every session"
liquid-2026-08-11,2026-08-11,168,NEWGEN,INE619B01017,1965574679.86,60,"top 500 by mean daily traded value over 60 sessions ending 2026-08-11; EQ series, traded every session"
liquid-2026-08-11,2026-08-11,169,GESHIP,INE017A01032,1958825787.38,60,"top 500 by mean daily traded value over 60 sessions ending 2026-08-11; EQ series, traded every session"
liquid-2026-08-11,2026-08-11,170,TATACONSUM,INE192A01025,1952332857.95,60,"top 500 by mean daily traded value over 60 sessions ending 2026-08-11; EQ series, traded every session"
liquid-2026-08-11,2026-08-11,171,IOC,INE242A01010,1945148306.70,60,"top 500 by mean daily traded value over 60 sessions ending 2026-08-11; EQ series, traded every session"
liquid-2026-08-11,2026-08-11,172,AUBANK,INE949L01017,1944119464.95,60,"top 500 by mean daily traded value over 60 sessions ending 2026-08-11; EQ series, traded every session"
liquid-2026-08-11,2026-08-11,173,RECLTD,INE020B01018,1935424289.31,60,"top 500 by mean daily traded value over 60 sessions ending 2026-08-11; EQ series, traded every session"
liquid-2026-08-11,2026-08-11,174,ZYDUSLIFE,INE010B01027,1913957348.42,60,"top 500 by mean daily traded value over 60 sessions ending 2026-08-11; EQ series, traded every session"
liquid-2026-08-11,2026-08-11,175,GRSE,INE382Z01011,1891306046.47,60,"top 500 by mean daily traded value over 60 sessions ending 2026-08-11; EQ series, traded every session"
liquid-2026-08-11,2026-08-11,176,SYRMA,INE0DYJ01015,1884995410.60,60,"top 500 by mean daily traded value over 60 sessions ending 2026-08-11; EQ series, traded every session"
liquid-2026-08-11,2026-08-11,177,KIRLOSENG,INE146L01010,1884729418.94,60,"top 500 by mean daily traded value over 60 sessions ending 2026-08-11; EQ series, traded every session"
liquid-2026-08-11,2026-08-11,178,TATAPOWER,INE245A01021,1852327430.26,60,"top 500 by mean daily traded value over 60 sessions ending 2026-08-11; EQ series, traded every session"
liquid-2026-08-11,2026-08-11,179,LTF,INE498L01015,1840278774.56,60,"top 500 by mean daily traded value over 60 sessions ending 2026-08-11; EQ series, traded every session"
liquid-2026-08-11,2026-08-11,180,NIFTYBEES,INF204KB14I2,1835927308.57,60,"top 500 by mean daily traded value over 60 sessions ending 2026-08-11; EQ series, traded every session"
liquid-2026-08-11,2026-08-11,181,GAIL,INE129A01019,1830706961.46,60,"top 500 by mean daily traded value over 60 sessions ending 2026-08-11; EQ series, traded every session"
liquid-2026-08-11,2026-08-11,182,RAMCOSYS,INE246B01019,1798497495.15,60,"top 500 by mean daily traded value over 60 sessions ending 2026-08-11; EQ series, traded every session"
liquid-2026-08-11,2026-08-11,183,RVNL,INE415G01027,1797621428.96,60,"top 500 by mean daily traded value over 60 sessions ending 2026-08-11; EQ series, traded every session"
liquid-2026-08-11,2026-08-11,184,OIL,INE274J01014,1765122899.62,60,"top 500 by mean daily traded value over 60 sessions ending 2026-08-11; EQ series, traded every session"
liquid-2026-08-11,2026-08-11,185,SBILIFE,INE123W01016,1762409770.45,60,"top 500 by mean daily traded value over 60 sessions ending 2026-08-11; EQ series, traded every session"
liquid-2026-08-11,2026-08-11,186,BRITANNIA,INE216A01030,1725829636.76,60,"top 500 by mean daily traded value over 60 sessions ending 2026-08-11; EQ series, traded every session"
liquid-2026-08-11,2026-08-11,187,ICICIGI,INE765G01017,1724518547.97,60,"top 500 by mean daily traded value over 60 sessions ending 2026-08-11; EQ series, traded every session"
liquid-2026-08-11,2026-08-11,188,INDHOTEL,INE053A01029,1722707878.56,60,"top 500 by mean daily traded value over 60 sessions ending 2026-08-11; EQ series, traded every session"
liquid-2026-08-11,2026-08-11,189,ASTRAMICRO,INE386C01029,1719441469.71,60,"top 500 by mean daily traded value over 60 sessions ending 2026-08-11; EQ series, traded every session"
liquid-2026-08-11,2026-08-11,190,MARICO,INE196A01026,1702203934.94,60,"top 500 by mean daily traded value over 60 sessions ending 2026-08-11; EQ series, traded every session"
liquid-2026-08-11,2026-08-11,191,JUBLFOOD,INE797F01020,1701245459.53,60,"top 500 by mean daily traded value over 60 sessions ending 2026-08-11; EQ series, traded every session"
liquid-2026-08-11,2026-08-11,192,BOSCHLTD,INE323A01026,1692457331.75,60,"top 500 by mean daily traded value over 60 sessions ending 2026-08-11; EQ series, traded every session"
liquid-2026-08-11,2026-08-11,193,PREMIERENE,INE0BS701011,1685095203.05,60,"top 500 by mean daily traded value over 60 sessions ending 2026-08-11; EQ series, traded every session"
liquid-2026-08-11,2026-08-11,194,SHADOWFAX,INE12UN01015,1684195359.90,60,"top 500 by mean daily traded value over 60 sessions ending 2026-08-11; EQ series, traded every session"
liquid-2026-08-11,2026-08-11,195,SIEMENS,INE003A01024,1665602466.97,60,"top 500 by mean daily traded value over 60 sessions ending 2026-08-11; EQ series, traded every session"
liquid-2026-08-11,2026-08-11,196,RRKABEL,INE777K01022,1663546524.37,60,"top 500 by mean daily traded value over 60 sessions ending 2026-08-11; EQ series, traded every session"
liquid-2026-08-11,2026-08-11,197,NAVINFLUOR,INE048G01026,1645924129.36,60,"top 500 by mean daily traded value over 60 sessions ending 2026-08-11; EQ series, traded every session"
liquid-2026-08-11,2026-08-11,198,JSWENERGY,INE121E01018,1641199749.43,60,"top 500 by mean daily traded value over 60 sessions ending 2026-08-11; EQ series, traded every session"
liquid-2026-08-11,2026-08-11,199,BDL,INE171Z01026,1638030710.42,60,"top 500 by mean daily traded value over 60 sessions ending 2026-08-11; EQ series, traded every session"
liquid-2026-08-11,2026-08-11,200,ABCAPITAL,INE674K01013,1597970073.15,60,"top 500 by mean daily traded value over 60 sessions ending 2026-08-11; EQ series, traded every session"
liquid-2026-08-11,2026-08-11,201,M&MFIN,INE774D01024,1586724580.79,60,"top 500 by mean daily traded value over 60 sessions ending 2026-08-11; EQ series, traded every session"
liquid-2026-08-11,2026-08-11,202,WELCORP,INE191B01025,1585801616.60,60,"top 500 by mean daily traded value over 60 sessions ending 2026-08-11; EQ series, traded every session"
liquid-2026-08-11,2026-08-11,203,ANANTRAJ,INE242C01024,1585721539.89,60,"top 500 by mean daily traded value over 60 sessions ending 2026-08-11; EQ series, traded every session"
liquid-2026-08-11,2026-08-11,204,THANGAMAYL,INE085J01014,1583852284.56,60,"top 500 by mean daily traded value over 60 sessions ending 2026-08-11; EQ series, traded every session"
liquid-2026-08-11,2026-08-11,205,SCI,INE109A01011,1583073914.38,60,"top 500 by mean daily traded value over 60 sessions ending 2026-08-11; EQ series, traded every session"
liquid-2026-08-11,2026-08-11,206,PGEL,INE457L01029,1582773706.18,60,"top 500 by mean daily traded value over 60 sessions ending 2026-08-11; EQ series, traded every session"
liquid-2026-08-11,2026-08-11,207,SONACOMS,INE073K01018,1580401576.42,60,"top 500 by mean daily traded value over 60 sessions ending 2026-08-11; EQ series, traded every session"
liquid-2026-08-11,2026-08-11,208,PIDILITIND,INE318A01026,1567157880.93,60,"top 500 by mean daily traded value over 60 sessions ending 2026-08-11; EQ series, traded every session"
liquid-2026-08-11,2026-08-11,209,ICICIAMC,INE346A01027,1566315346.42,60,"top 500 by mean daily traded value over 60 sessions ending 2026-08-11; EQ series, traded every session"
liquid-2026-08-11,2026-08-11,210,NLCINDIA,INE589A01014,1559499735.47,60,"top 500 by mean daily traded value over 60 sessions ending 2026-08-11; EQ series, traded every session"
liquid-2026-08-11,2026-08-11,211,ITDC,INE353K01014,1556665662.13,60,"top 500 by mean daily traded value over 60 sessions ending 2026-08-11; EQ series, traded every session"
liquid-2026-08-11,2026-08-11,212,RADICO,INE944F01028,1556376264.11,60,"top 500 by mean daily traded value over 60 sessions ending 2026-08-11; EQ series, traded every session"
liquid-2026-08-11,2026-08-11,213,LLOYDSENGG,INE093R01011,1548197389.75,60,"top 500 by mean daily traded value over 60 sessions ending 2026-08-11; EQ series, traded every session"
liquid-2026-08-11,2026-08-11,214,PWL,INE0LP301011,1535362470.39,60,"top 500 by mean daily traded value over 60 sessions ending 2026-08-11; EQ series, traded every session"
liquid-2026-08-11,2026-08-11,215,AEQUS,INE947N01017,1533853083.21,60,"top 500 by mean daily traded value over 60 sessions ending 2026-08-11; EQ series, traded every session"
liquid-2026-08-11,2026-08-11,216,TDPOWERSYS,INE419M01027,1521075249.46,60,"top 500 by mean daily traded value over 60 sessions ending 2026-08-11; EQ series, traded every session"
liquid-2026-08-11,2026-08-11,217,TATAELXSI,INE670A01012,1484437691.17,60,"top 500 by mean daily traded value over 60 sessions ending 2026-08-11; EQ series, traded every session"
liquid-2026-08-11,2026-08-11,218,THERMAX,INE152A01029,1469450812.38,60,"top 500 by mean daily traded value over 60 sessions ending 2026-08-11; EQ series, traded every session"
liquid-2026-08-11,2026-08-11,219,WABAG,INE956G01038,1461641899.11,60,"top 500 by mean daily traded value over 60 sessions ending 2026-08-11; EQ series, traded every session"
liquid-2026-08-11,2026-08-11,220,MANAPPURAM,INE522D01027,1442069277.97,60,"top 500 by mean daily traded value over 60 sessions ending 2026-08-11; EQ series, traded every session"
liquid-2026-08-11,2026-08-11,221,SRF,INE647A01010,1438996320.41,60,"top 500 by mean daily traded value over 60 sessions ending 2026-08-11; EQ series, traded every session"
liquid-2026-08-11,2026-08-11,222,GLENMARK,INE935A01035,1436924907.57,60,"top 500 by mean daily traded value over 60 sessions ending 2026-08-11; EQ series, traded every session"
liquid-2026-08-11,2026-08-11,223,MPHASIS,INE356A01018,1419990823.28,60,"top 500 by mean daily traded value over 60 sessions ending 2026-08-11; EQ series, traded every session"
liquid-2026-08-11,2026-08-11,224,TRITURBINE,INE152M01016,1401596162.79,60,"top 500 by mean daily traded value over 60 sessions ending 2026-08-11; EQ series, traded every session"
liquid-2026-08-11,2026-08-11,225,GODREJPROP,INE484J01027,1400925501.95,60,"top 500 by mean daily traded value over 60 sessions ending 2026-08-11; EQ series, traded every session"
liquid-2026-08-11,2026-08-11,226,MANKIND,INE634S01028,1400244223.21,60,"top 500 by mean daily traded value over 60 sessions ending 2026-08-11; EQ series, traded every session"
liquid-2026-08-11,2026-08-11,227,FORTIS,INE061F01013,1396880364.90,60,"top 500 by mean daily traded value over 60 sessions ending 2026-08-11; EQ series, traded every session"
liquid-2026-08-11,2026-08-11,228,IDBI,INE008A01015,1392487818.58,60,"top 500 by mean daily traded value over 60 sessions ending 2026-08-11; EQ series, traded every session"
liquid-2026-08-11,2026-08-11,229,TATATECH,INE142M01025,1388392102.39,60,"top 500 by mean daily traded value over 60 sessions ending 2026-08-11; EQ series, traded every session"
liquid-2026-08-11,2026-08-11,230,ACUTAAS,INE00FF01025,1387069978.53,60,"top 500 by mean daily traded value over 60 sessions ending 2026-08-11; EQ series, traded every session"
liquid-2026-08-11,2026-08-11,231,JUSTDIAL,INE599M01018,1382765336.25,60,"top 500 by mean daily traded value over 60 sessions ending 2026-08-11; EQ series, traded every session"
liquid-2026-08-11,2026-08-11,232,NBCC,INE095N01031,1365518302.02,60,"top 500 by mean daily traded value over 60 sessions ending 2026-08-11; EQ series, traded every session"
liquid-2026-08-11,2026-08-11,233,BANKINDIA,INE084A01016,1363942765.82,60,"top 500 by mean daily traded value over 60 sessions ending 2026-08-11; EQ series, traded every session"
liquid-2026-08-11,2026-08-11,234,ZENTEC,INE251B01027,1363266086.83,60,"top 500 by mean daily traded value over 60 sessions ending 2026-08-11; EQ series, traded every session"
liquid-2026-08-11,2026-08-11,235,NIACL,INE470Y01017,1349387570.09,60,"top 500 by mean daily traded value over 60 sessions ending 2026-08-11; EQ series, traded every session"
liquid-2026-08-11,2026-08-11,236,JINDALSTEL,INE749A01030,1346600371.63,60,"top 500 by mean daily traded value over 60 sessions ending 2026-08-11; EQ series, traded every session"
liquid-2026-08-11,2026-08-11,237,PPLPHARMA,INE0DK501011,1336352238.12,60,"top 500 by mean daily traded value over 60 sessions ending 2026-08-11; EQ series, traded every session"
liquid-2026-08-11,2026-08-11,238,UPL,INE628A01036,1336148962.67,60,"top 500 by mean daily traded value over 60 sessions ending 2026-08-11; EQ series, traded every session"
liquid-2026-08-11,2026-08-11,239,PAGEIND,INE761H01022,1328299887.67,60,"top 500 by mean daily traded value over 60 sessions ending 2026-08-11; EQ series, traded every session"
liquid-2026-08-11,2026-08-11,240,PHOENIXLTD,INE211B01039,1316402036.44,60,"top 500 by mean daily traded value over 60 sessions ending 2026-08-11; EQ series, traded every session"
liquid-2026-08-11,2026-08-11,241,RAIN,INE855B01025,1312891003.93,60,"top 500 by mean daily traded value over 60 sessions ending 2026-08-11; EQ series, traded every session"
liquid-2026-08-11,2026-08-11,242,HAVELLS,INE176B01034,1312850818.81,60,"top 500 by mean daily traded value over 60 sessions ending 2026-08-11; EQ series, traded every session"
liquid-2026-08-11,2026-08-11,243,KARURVYSYA,INE036D01028,1301122497.37,60,"top 500 by mean daily traded value over 60 sessions ending 2026-08-11; EQ series, traded every session"
liquid-2026-08-11,2026-08-11,244,MAHABANK,INE457A01014,1299245383.86,60,"top 500 by mean daily traded value over 60 sessions ending 2026-08-11; EQ series, traded every session"
liquid-2026-08-11,2026-08-11,245,JSWINFRA,INE880J01026,1297555490.61,60,"top 500 by mean daily traded value over 60 sessions ending 2026-08-11; EQ series, traded every session"
liquid-2026-08-11,2026-08-11,246,TATACOMM,INE151A01013,1290740185.30,60,"top 500 by mean daily traded value over 60 sessions ending 2026-08-11; EQ series, traded every session"
liquid-2026-08-11,2026-08-11,247,TATSILV,INF277KA1984,1282594001.86,60,"top 500 by mean daily traded value over 60 sessions ending 2026-08-11; EQ series, traded every session"
liquid-2026-08-11,2026-08-11,248,AMBUJACEM,INE079A01024,1277977021.62,60,"top 500 by mean daily traded value over 60 sessions ending 2026-08-11; EQ series, traded every session"
liquid-2026-08-11,2026-08-11,249,360ONE,INE466L01038,1268695454.19,60,"top 500 by mean daily traded value over 60 sessions ending 2026-08-11; EQ series, traded every session"
liquid-2026-08-11,2026-08-11,250,APLAPOLLO,INE702C01027,1268064224.93,60,"top 500 by mean daily traded value over 60 sessions ending 2026-08-11; EQ series, traded every session"
liquid-2026-08-11,2026-08-11,251,AZAD,INE02IJ01035,1266670411.85,60,"top 500 by mean daily traded value over 60 sessions ending 2026-08-11; EQ series, traded every session"
liquid-2026-08-11,2026-08-11,252,UNITDSPR,INE854D01024,1258264291.30,60,"top 500 by mean daily traded value over 60 sessions ending 2026-08-11; EQ series, traded every session"
liquid-2026-08-11,2026-08-11,253,SAKSOFT,INE667G01023,1256477505.70,60,"top 500 by mean daily traded value over 60 sessions ending 2026-08-11; EQ series, traded every session"
liquid-2026-08-11,2026-08-11,254,SHILPAMED,INE790G01031,1256422606.53,60,"top 500 by mean daily traded value over 60 sessions ending 2026-08-11; EQ series, traded every session"
liquid-2026-08-11,2026-08-11,255,SPARC,INE232I01014,1255521248.48,60,"top 500 by mean daily traded value over 60 sessions ending 2026-08-11; EQ series, traded every session"
liquid-2026-08-11,2026-08-11,256,IIFL,INE530B01024,1253241209.34,60,"top 500 by mean daily traded value over 60 sessions ending 2026-08-11; EQ series, traded every session"
liquid-2026-08-11,2026-08-11,257,NEULANDLAB,INE794A01010,1241076340.02,60,"top 500 by mean daily traded value over 60 sessions ending 2026-08-11; EQ series, traded every session"
liquid-2026-08-11,2026-08-11,258,VOLTAS,INE226A01021,1232639585.90,60,"top 500 by mean daily traded value over 60 sessions ending 2026-08-11; EQ series, traded every session"
liquid-2026-08-11,2026-08-11,259,PRESTIGE,INE811K01011,1229392232.99,60,"top 500 by mean daily traded value over 60 sessions ending 2026-08-11; EQ series, traded every session"
liquid-2026-08-11,2026-08-11,260,JSLL,INE0J5801029,1226929349.55,60,"top 500 by mean daily traded value over 60 sessions ending 2026-08-11; EQ series, traded every session"
liquid-2026-08-11,2026-08-11,261,VMM,INE01EA01019,1211552443.67,60,"top 500 by mean daily traded value over 60 sessions ending 2026-08-11; EQ series, traded every session"
liquid-2026-08-11,2026-08-11,262,EMMVEE,INE1C6T01020,1209758073.31,60,"top 500 by mean daily traded value over 60 sessions ending 2026-08-11; EQ series, traded every session"
liquid-2026-08-11,2026-08-11,263,JINDRILL,INE742C01031,1196107108.03,60,"top 500 by mean daily traded value over 60 sessions ending 2026-08-11; EQ series, traded every session"
liquid-2026-08-11,2026-08-11,264,GODREJCP,INE102D01028,1164067996.16,60,"top 500 by mean daily traded value over 60 sessions ending 2026-08-11; EQ series, traded every session"
liquid-2026-08-11,2026-08-11,265,MFSL,INE180A01020,1163316301.92,60,"top 500 by mean daily traded value over 60 sessions ending 2026-08-11; EQ series, traded every session"
liquid-2026-08-11,2026-08-11,266,HONASA,INE0J5401028,1150954595.71,60,"top 500 by mean daily traded value over 60 sessions ending 2026-08-11; EQ series, traded every session"
liquid-2026-08-11,2026-08-11,267,BECTORFOOD,INE495P01020,1147088493.90,60,"top 500 by mean daily traded value over 60 sessions ending 2026-08-11; EQ series, traded every session"
liquid-2026-08-11,2026-08-11,268,GODFRYPHLP,INE260B01028,1141897826.55,60,"top 500 by mean daily traded value over 60 sessions ending 2026-08-11; EQ series, traded every session"
liquid-2026-08-11,2026-08-11,269,BELRISE,INE894V01022,1137717858.95,60,"top 500 by mean daily traded value over 60 sessions ending 2026-08-11; EQ series, traded every session"
liquid-2026-08-11,2026-08-11,270,TATACAP,INE976I01016,1129114211.77,60,"top 500 by mean daily traded value over 60 sessions ending 2026-08-11; EQ series, traded every session"
liquid-2026-08-11,2026-08-11,271,BHARATCOAL,INE05XR01022,1123900147.77,60,"top 500 by mean daily traded value over 60 sessions ending 2026-08-11; EQ series, traded every session"
liquid-2026-08-11,2026-08-11,272,INOXWIND,INE066P01011,1121801024.65,60,"top 500 by mean daily traded value over 60 sessions ending 2026-08-11; EQ series, traded every session"
liquid-2026-08-11,2026-08-11,273,UJJIVANSFB,INE551W01018,1120248583.19,60,"top 500 by mean daily traded value over 60 sessions ending 2026-08-11; EQ series, traded every session"
liquid-2026-08-11,2026-08-11,274,NAM-INDIA,INE298J01013,1108236812.93,60,"top 500 by mean daily traded value over 60 sessions ending 2026-08-11; EQ series, traded every session"
liquid-2026-08-11,2026-08-11,275,ANANDRATHI,INE463V01026,1107558095.48,60,"top 500 by mean daily traded value over 60 sessions ending 2026-08-11; EQ series, traded every session"
liquid-2026-08-11,2026-08-11,276,JAINREC,INE0YD401026,1105309038.30,60,"top 500 by mean daily traded value over 60 sessions ending 2026-08-11; EQ series, traded every session"
liquid-2026-08-11,2026-08-11,277,JYOTICNC,INE980O01024,1103677434.97,60,"top 500 by mean daily traded value over 60 sessions ending 2026-08-11; EQ series, traded every session"
liquid-2026-08-11,2026-08-11,278,KFINTECH,INE138Y01010,1088771168.60,60,"top 500 by mean daily traded value over 60 sessions ending 2026-08-11; EQ series, traded every session"
liquid-2026-08-11,2026-08-11,279,OLECTRA,INE260D01016,1073545771.90,60,"top 500 by mean daily traded value over 60 sessions ending 2026-08-11; EQ series, traded every session"
liquid-2026-08-11,2026-08-11,280,UNOMINDA,INE405E01023,1071773785.34,60,"top 500 by mean daily traded value over 60 sessions ending 2026-08-11; EQ series, traded every session"
liquid-2026-08-11,2026-08-11,281,CONCOR,INE111A01025,1067984312.39,60,"top 500 by mean daily traded value over 60 sessions ending 2026-08-11; EQ series, traded every session"
liquid-2026-08-11,2026-08-11,282,PAISALO,INE420C01059,1064817396.21,60,"top 500 by mean daily traded value over 60 sessions ending 2026-08-11; EQ series, traded every session"
liquid-2026-08-11,2026-08-11,283,PARADEEP,INE088F01024,1055947444.80,60,"top 500 by mean daily traded value over 60 sessions ending 2026-08-11; EQ series, traded every session"
liquid-2026-08-11,2026-08-11,284,TARIL,INE763I01026,1048355064.46,60,"top 500 by mean daily traded value over 60 sessions ending 2026-08-11; EQ series, traded every session"
liquid-2026-08-11,2026-08-11,285,PNBHOUSING,INE572E01012,1035956509.90,60,"top 500 by mean daily traded value over 60 sessions ending 2026-08-11; EQ series, traded every session"
liquid-2026-08-11,2026-08-11,286,IRFC,INE053F01010,1030310289.87,60,"top 500 by mean daily traded value over 60 sessions ending 2026-08-11; EQ series, traded every session"
liquid-2026-08-11,2026-08-11,287,EXICOM,INE777F01014,1029798663.60,60,"top 500 by mean daily traded value over 60 sessions ending 2026-08-11; EQ series, traded every session"
liquid-2026-08-11,2026-08-11,288,LLOYDSME,INE281B01032,1020284030.70,60,"top 500 by mean daily traded value over 60 sessions ending 2026-08-11; EQ series, traded every session"
liquid-2026-08-11,2026-08-11,289,RITES,INE320J01015,1015070830.12,60,"top 500 by mean daily traded value over 60 sessions ending 2026-08-11; EQ series, traded every session"
liquid-2026-08-11,2026-08-11,290,CGCL,INE180C01042,1013852472.44,60,"top 500 by mean daily traded value over 60 sessions ending 2026-08-11; EQ series, traded every session"
liquid-2026-08-11,2026-08-11,291,RPTECH,INE0J1F01024,1011005047.10,60,"top 500 by mean daily traded value over 60 sessions ending 2026-08-11; EQ series, traded every session"
liquid-2026-08-11,2026-08-11,292,SONATSOFTW,INE269A01021,1009999929.08,60,"top 500 by mean daily traded value over 60 sessions ending 2026-08-11; EQ series, traded every session"
liquid-2026-08-11,2026-08-11,293,HEG,INE545A01024,1009007931.76,60,"top 500 by mean daily traded value over 60 sessions ending 2026-08-11; EQ series, traded every session"
liquid-2026-08-11,2026-08-11,294,SANSERA,INE953O01021,1008416894.22,60,"top 500 by mean daily traded value over 60 sessions ending 2026-08-11; EQ series, traded every session"
liquid-2026-08-11,2026-08-11,295,ICICIPRULI,INE726G01019,1006160506.67,60,"top 500 by mean daily traded value over 60 sessions ending 2026-08-11; EQ series, traded every session"
liquid-2026-08-11,2026-08-11,296,CMPDI,INE05HV01027,1001606202.36,60,"top 500 by mean daily traded value over 60 sessions ending 2026-08-11; EQ series, traded every session"
liquid-2026-08-11,2026-08-11,297,ASTRAL,INE006I01046,1001293961.04,60,"top 500 by mean daily traded value over 60 sessions ending 2026-08-11; EQ series, traded every session"
liquid-2026-08-11,2026-08-11,298,GRANULES,INE101D01020,998202420.41,60,"top 500 by mean daily traded value over 60 sessions ending 2026-08-11; EQ series, traded every session"
liquid-2026-08-11,2026-08-11,299,MOREPENLAB,INE083A01026,987253408.23,60,"top 500 by mean daily traded value over 60 sessions ending 2026-08-11; EQ series, traded every session"
liquid-2026-08-11,2026-08-11,300,FSL,INE684F01012,983363503.75,60,"top 500 by mean daily traded value over 60 sessions ending 2026-08-11; EQ series, traded every session"
liquid-2026-08-11,2026-08-11,301,CPPLUS,INE819V01029,981231064.66,60,"top 500 by mean daily traded value over 60 sessions ending 2026-08-11; EQ series, traded every session"
liquid-2026-08-11,2026-08-11,302,ARE&M,INE885A01032,977848117.09,60,"top 500 by mean daily traded value over 60 sessions ending 2026-08-11; EQ series, traded every session"
liquid-2026-08-11,2026-08-11,303,HBLENGINE,INE292B01021,973472490.24,60,"top 500 by mean daily traded value over 60 sessions ending 2026-08-11; EQ series, traded every session"
liquid-2026-08-11,2026-08-11,304,GMDCLTD,INE131A01031,973292234.04,60,"top 500 by mean daily traded value over 60 sessions ending 2026-08-11; EQ series, traded every session"
liquid-2026-08-11,2026-08-11,305,LIQUID1,INF174KA1LV5,968446691.34,60,"top 500 by mean daily traded value over 60 sessions ending 2026-08-11; EQ series, traded every session"
liquid-2026-08-11,2026-08-11,306,CAMS,INE596I01020,966558764.23,60,"top 500 by mean daily traded value over 60 sessions ending 2026-08-11; EQ series, traded every session"
liquid-2026-08-11,2026-08-11,307,MOTILALOFS,INE338I01027,964028955.77,60,"top 500 by mean daily traded value over 60 sessions ending 2026-08-11; EQ series, traded every session"
liquid-2026-08-11,2026-08-11,308,RBA,INE07T201019,962595169.63,60,"top 500 by mean daily traded value over 60 sessions ending 2026-08-11; EQ series, traded every session"
liquid-2026-08-11,2026-08-11,309,FCL,INE045J01034,960023712.14,60,"top 500 by mean daily traded value over 60 sessions ending 2026-08-11; EQ series, traded every session"
liquid-2026-08-11,2026-08-11,310,PIIND,INE603J01030,957282425.47,60,"top 500 by mean daily traded value over 60 sessions ending 2026-08-11; EQ series, traded every session"
liquid-2026-08-11,2026-08-11,311,DABUR,INE016A01026,956607316.12,60,"top 500 by mean daily traded value over 60 sessions ending 2026-08-11; EQ series, traded every session"
liquid-2026-08-11,2026-08-11,312,RPOWER,INE614G01033,946532280.89,60,"top 500 by mean daily traded value over 60 sessions ending 2026-08-11; EQ series, traded every session"
liquid-2026-08-11,2026-08-11,313,SHAILY,INE151G01028,931448833.11,60,"top 500 by mean daily traded value over 60 sessions ending 2026-08-11; EQ series, traded every session"
liquid-2026-08-11,2026-08-11,314,CEMPRO,INE686A01026,929533928.71,60,"top 500 by mean daily traded value over 60 sessions ending 2026-08-11; EQ series, traded every session"
liquid-2026-08-11,2026-08-11,315,NUVAMA,INE531F01023,927998755.03,60,"top 500 by mean daily traded value over 60 sessions ending 2026-08-11; EQ series, traded every session"
liquid-2026-08-11,2026-08-11,316,SAGILITY,INE0W2G01015,919971793.66,60,"top 500 by mean daily traded value over 60 sessions ending 2026-08-11; EQ series, traded every session"
liquid-2026-08-11,2026-08-11,317,BALAMINES,INE050E01027,904918182.10,60,"top 500 by mean daily traded value over 60 sessions ending 2026-08-11; EQ series, traded every session"
liquid-2026-08-11,2026-08-11,318,KISSHT,INE12F801023,903934284.12,60,"top 500 by mean daily traded value over 60 sessions ending 2026-08-11; EQ series, traded every session"
liquid-2026-08-11,2026-08-11,319,TFCILTD,INE305A01023,901392831.06,60,"top 500 by mean daily traded value over 60 sessions ending 2026-08-11; EQ series, traded every session"
liquid-2026-08-11,2026-08-11,320,J&KBANK,INE168A01041,891400704.00,60,"top 500 by mean daily traded value over 60 sessions ending 2026-08-11; EQ series, traded every session"
liquid-2026-08-11,2026-08-11,321,OBEROIRLTY,INE093I01010,890871644.78,60,"top 500 by mean daily traded value over 60 sessions ending 2026-08-11; EQ series, traded every session"
liquid-2026-08-11,2026-08-11,322,TIINDIA,INE974X01010,883683686.78,60,"top 500 by mean daily traded value over 60 sessions ending 2026-08-11; EQ series, traded every session"
liquid-2026-08-11,2026-08-11,323,LALPATHLAB,INE600L01024,882894579.73,60,"top 500 by mean daily traded value over 60 sessions ending 2026-08-11; EQ series, traded every session"
liquid-2026-08-11,2026-08-11,324,COLPAL,INE259A01022,880847697.68,60,"top 500 by mean daily traded value over 60 sessions ending 2026-08-11; EQ series, traded every session"
liquid-2026-08-11,2026-08-11,325,GENUSPOWER,INE955D01029,880099742.43,60,"top 500 by mean daily traded value over 60 sessions ending 2026-08-11; EQ series, traded every session"
liquid-2026-08-11,2026-08-11,326,GRAPHITE,INE371A01025,877693372.30,60,"top 500 by mean daily traded value over 60 sessions ending 2026-08-11; EQ series, traded every session"
liquid-2026-08-11,2026-08-11,327,HDFCSILVER,INF179KC1DI2,877641170.34,60,"top 500 by mean daily traded value over 60 sessions ending 2026-08-11; EQ series, traded every session"
liquid-2026-08-11,2026-08-11,328,ALKEM,INE540L01014,862156433.69,60,"top 500 by mean daily traded value over 60 sessions ending 2026-08-11; EQ series, traded every session"
liquid-2026-08-11,2026-08-11,329,HCC,INE549A01026,860763301.35,60,"top 500 by mean daily traded value over 60 sessions ending 2026-08-11; EQ series, traded every session"
liquid-2026-08-11,2026-08-11,330,LGEINDIA,INE324D01010,859334196.57,60,"top 500 by mean daily traded value over 60 sessions ending 2026-08-11; EQ series, traded every session"
liquid-2026-08-11,2026-08-11,331,SILVERIETF,INF109KC1Y56,853491711.07,60,"top 500 by mean daily traded value over 60 sessions ending 2026-08-11; EQ series, traded every session"
liquid-2026-08-11,2026-08-11,332,PREMEXPLN,INE863B01029,851949887.59,60,"top 500 by mean daily traded value over 60 sessions ending 2026-08-11; EQ series, traded every session"
liquid-2026-08-11,2026-08-11,333,MSTCLTD,INE255X01014,850262996.35,60,"top 500 by mean daily traded value over 60 sessions ending 2026-08-11; EQ series, traded every session"
liquid-2026-08-11,2026-08-11,334,MOSCHIP,INE935B01025,850053413.28,60,"top 500 by mean daily traded value over 60 sessions ending 2026-08-11; EQ series, traded every session"
liquid-2026-08-11,2026-08-11,335,RATNAVEER,INE05CZ01011,848313497.83,60,"top 500 by mean daily traded value over 60 sessions ending 2026-08-11; EQ series, traded every session"
liquid-2026-08-11,2026-08-11,336,SBICARD,INE018E01016,847971988.87,60,"top 500 by mean daily traded value over 60 sessions ending 2026-08-11; EQ series, traded every session"
liquid-2026-08-11,2026-08-11,337,MRF,INE883A01011,846938384.50,60,"top 500 by mean daily traded value over 60 sessions ending 2026-08-11; EQ series, traded every session"
liquid-2026-08-11,2026-08-11,338,KPRMILL,INE930H01031,845836894.19,60,"top 500 by mean daily traded value over 60 sessions ending 2026-08-11; EQ series, traded every session"
liquid-2026-08-11,2026-08-11,339,EMIL,INE02YR01019,844662890.92,60,"top 500 by mean daily traded value over 60 sessions ending 2026-08-11; EQ series, traded every session"
liquid-2026-08-11,2026-08-11,340,AEROFLEX,INE024001021,839092689.51,60,"top 500 by mean daily traded value over 60 sessions ending 2026-08-11; EQ series, traded every session"
liquid-2026-08-11,2026-08-11,341,SKYGOLD,INE01IU01018,835274802.68,60,"top 500 by mean daily traded value over 60 sessions ending 2026-08-11; EQ series, traded every session"
liquid-2026-08-11,2026-08-11,342,ACMESOLAR,INE622W01025,834830781.28,60,"top 500 by mean daily traded value over 60 sessions ending 2026-08-11; EQ series, traded every session"
liquid-2026-08-11,2026-08-11,343,RHIM,INE743M01012,832682730.07,60,"top 500 by mean daily traded value over 60 sessions ending 2026-08-11; EQ series, traded every session"
liquid-2026-08-11,2026-08-11,344,IOLCP,INE485C01029,827169484.57,60,"top 500 by mean daily traded value over 60 sessions ending 2026-08-11; EQ series, traded every session"
liquid-2026-08-11,2026-08-11,345,RELAXO,INE131B01039,826735845.79,60,"top 500 by mean daily traded value over 60 sessions ending 2026-08-11; EQ series, traded every session"
liquid-2026-08-11,2026-08-11,346,AVALON,INE0LCL01028,823066676.98,60,"top 500 by mean daily traded value over 60 sessions ending 2026-08-11; EQ series, traded every session"
liquid-2026-08-11,2026-08-11,347,NAZARA,INE418L01047,821325676.85,60,"top 500 by mean daily traded value over 60 sessions ending 2026-08-11; EQ series, traded every session"
liquid-2026-08-11,2026-08-11,348,SOUTHBANK,INE683A01023,801568773.86,60,"top 500 by mean daily traded value over 60 sessions ending 2026-08-11; EQ series, traded every session"
liquid-2026-08-11,2026-08-11,349,SAREGAMA,INE979A01025,798771500.81,60,"top 500 by mean daily traded value over 60 sessions ending 2026-08-11; EQ series, traded every session"
liquid-2026-08-11,2026-08-11,350,CROMPTON,INE299U01018,791233650.42,60,"top 500 by mean daily traded value over 60 sessions ending 2026-08-11; EQ series, traded every session"
liquid-2026-08-11,2026-08-11,351,KTKBANK,INE614B01018,787110864.66,60,"top 500 by mean daily traded value over 60 sessions ending 2026-08-11; EQ series, traded every session"
liquid-2026-08-11,2026-08-11,352,RKFORGE,INE399G01023,785103964.55,60,"top 500 by mean daily traded value over 60 sessions ending 2026-08-11; EQ series, traded every session"
liquid-2026-08-11,2026-08-11,353,ENGINERSIN,INE510A01028,777395925.43,60,"top 500 by mean daily traded value over 60 sessions ending 2026-08-11; EQ series, traded every session"
liquid-2026-08-11,2026-08-11,354,LICHSGFIN,INE115A01026,765077459.55,60,"top 500 by mean daily traded value over 60 sessions ending 2026-08-11; EQ series, traded every session"
liquid-2026-08-11,2026-08-11,355,MARKSANS,INE750C01026,762457470.57,60,"top 500 by mean daily traded value over 60 sessions ending 2026-08-11; EQ series, traded every session"
liquid-2026-08-11,2026-08-11,356,GABRIEL,INE524A01029,760414461.93,60,"top 500 by mean daily traded value over 60 sessions ending 2026-08-11; EQ series, traded every session"
liquid-2026-08-11,2026-08-11,357,BLUESTARCO,INE472A01039,755828999.30,60,"top 500 by mean daily traded value over 60 sessions ending 2026-08-11; EQ series, traded every session"
liquid-2026-08-11,2026-08-11,358,IREDA,INE202E01016,753952001.99,60,"top 500 by mean daily traded value over 60 sessions ending 2026-08-11; EQ series, traded every session"
liquid-2026-08-11,2026-08-11,359,GANDHAR,INE717W01049,752486567.11,60,"top 500 by mean daily traded value over 60 sessions ending 2026-08-11; EQ series, traded every session"
liquid-2026-08-11,2026-08-11,360,INOXINDIA,INE616N01034,749506979.24,60,"top 500 by mean daily traded value over 60 sessions ending 2026-08-11; EQ series, traded every session"
liquid-2026-08-11,2026-08-11,361,AGIIL,INE976R01033,734094990.06,60,"top 500 by mean daily traded value over 60 sessions ending 2026-08-11; EQ series, traded every session"
liquid-2026-08-11,2026-08-11,362,PCBL,INE602A01031,732641374.35,60,"top 500 by mean daily traded value over 60 sessions ending 2026-08-11; EQ series, traded every session"
liquid-2026-08-11,2026-08-11,363,URBANCO,INE0CAZ01013,727487869.67,60,"top 500 by mean daily traded value over 60 sessions ending 2026-08-11; EQ series, traded every session"
liquid-2026-08-11,2026-08-11,364,POONAWALLA,INE511C01022,720085948.87,60,"top 500 by mean daily traded value over 60 sessions ending 2026-08-11; EQ series, traded every session"
liquid-2026-08-11,2026-08-11,365,GPIL,INE177H01039,718885619.84,60,"top 500 by mean daily traded value over 60 sessions ending 2026-08-11; EQ series, traded every session"
liquid-2026-08-11,2026-08-11,366,VIYASH,INE807F01027,718607078.41,60,"top 500 by mean daily traded value over 60 sessions ending 2026-08-11; EQ series, traded every session"
liquid-2026-08-11,2026-08-11,367,SMLMAH,INE294B01019,716514220.75,60,"top 500 by mean daily traded value over 60 sessions ending 2026-08-11; EQ series, traded every session"
liquid-2026-08-11,2026-08-11,368,BALKRISIND,INE787D01026,715026420.91,60,"top 500 by mean daily traded value over 60 sessions ending 2026-08-11; EQ series, traded every session"
liquid-2026-08-11,2026-08-11,369,RUBICON,INE506V01022,712124786.72,60,"top 500 by mean daily traded value over 60 sessions ending 2026-08-11; EQ series, traded every session"
liquid-2026-08-11,2026-08-11,370,PIRAMALFIN,INE202B01038,708674304.50,60,"top 500 by mean daily traded value over 60 sessions ending 2026-08-11; EQ series, traded every session"
liquid-2026-08-11,2026-08-11,371,JSWCEMENT,INE718I01012,707828200.37,60,"top 500 by mean daily traded value over 60 sessions ending 2026-08-11; EQ series, traded every session"
liquid-2026-08-11,2026-08-11,372,CHOICEIN,INE102B01014,705736329.05,60,"top 500 by mean daily traded value over 60 sessions ending 2026-08-11; EQ series, traded every session"
liquid-2026-08-11,2026-08-11,373,TATAGOLD,INF277KA1976,704523247.82,60,"top 500 by mean daily traded value over 60 sessions ending 2026-08-11; EQ series, traded every session"
liquid-2026-08-11,2026-08-11,374,TIMETECHNO,INE508G01029,696768784.65,60,"top 500 by mean daily traded value over 60 sessions ending 2026-08-11; EQ series, traded every session"
liquid-2026-08-11,2026-08-11,375,TITAGARH,INE615H01020,694558634.06,60,"top 500 by mean daily traded value over 60 sessions ending 2026-08-11; EQ series, traded every session"
liquid-2026-08-11,2026-08-11,376,JBMA,INE927D01051,694148162.12,60,"top 500 by mean daily traded value over 60 sessions ending 2026-08-11; EQ series, traded every session"
liquid-2026-08-11,2026-08-11,377,IEX,INE022Q01020,693107455.26,60,"top 500 by mean daily traded value over 60 sessions ending 2026-08-11; EQ series, traded every session"
liquid-2026-08-11,2026-08-11,378,PETRONET,INE347G01014,692515057.71,60,"top 500 by mean daily traded value over 60 sessions ending 2026-08-11; EQ series, traded every session"
liquid-2026-08-11,2026-08-11,379,ITBEES,INF204KB15V2,691153698.79,60,"top 500 by mean daily traded value over 60 sessions ending 2026-08-11; EQ series, traded every session"
liquid-2026-08-11,2026-08-11,380,NH,INE410P01011,682165588.60,60,"top 500 by mean daily traded value over 60 sessions ending 2026-08-11; EQ series, traded every session"
liquid-2026-08-11,2026-08-11,381,OMNI,INE0UH301010,680360877.48,60,"top 500 by mean daily traded value over 60 sessions ending 2026-08-11; EQ series, traded every session"
liquid-2026-08-11,2026-08-11,382,MAPMYINDIA,INE0BV301023,680257044.16,60,"top 500 by mean daily traded value over 60 sessions ending 2026-08-11; EQ series, traded every session"
liquid-2026-08-11,2026-08-11,383,TANLA,INE483C01032,678609825.65,60,"top 500 by mean daily traded value over 60 sessions ending 2026-08-11; EQ series, traded every session"
liquid-2026-08-11,2026-08-11,384,CRAFTSMAN,INE00LO01017,676967214.12,60,"top 500 by mean daily traded value over 60 sessions ending 2026-08-11; EQ series, traded every session"
liquid-2026-08-11,2026-08-11,385,CUB,INE491A01021,675536692.53,60,"top 500 by mean daily traded value over 60 sessions ending 2026-08-11; EQ series, traded every session"
liquid-2026-08-11,2026-08-11,386,DEEPAKFERT,INE501A01019,672560907.09,60,"top 500 by mean daily traded value over 60 sessions ending 2026-08-11; EQ series, traded every session"
liquid-2026-08-11,2026-08-11,387,PACEDIGITK,INE0S3G01027,670737695.16,60,"top 500 by mean daily traded value over 60 sessions ending 2026-08-11; EQ series, traded every session"
liquid-2026-08-11,2026-08-11,388,KEC,INE389H01022,670541938.68,60,"top 500 by mean daily traded value over 60 sessions ending 2026-08-11; EQ series, traded every session"
liquid-2026-08-11,2026-08-11,389,SUPREMEIND,INE195A01028,668195546.77,60,"top 500 by mean daily traded value over 60 sessions ending 2026-08-11; EQ series, traded every session"
liquid-2026-08-11,2026-08-11,390,COHANCE,INE03QK01018,666737989.69,60,"top 500 by mean daily traded value over 60 sessions ending 2026-08-11; EQ series, traded every session"
liquid-2026-08-11,2026-08-11,391,ECLERX,INE738I01010,664481129.95,60,"top 500 by mean daily traded value over 60 sessions ending 2026-08-11; EQ series, traded every session"
liquid-2026-08-11,2026-08-11,392,SAILIFE,INE570L01029,659243084.45,60,"top 500 by mean daily traded value over 60 sessions ending 2026-08-11; EQ series, traded every session"
liquid-2026-08-11,2026-08-11,393,NUVOCO,INE118D01016,652772896.96,60,"top 500 by mean daily traded value over 60 sessions ending 2026-08-11; EQ series, traded every session"
liquid-2026-08-11,2026-08-11,394,FINCABLES,INE235A01022,652407953.08,60,"top 500 by mean daily traded value over 60 sessions ending 2026-08-11; EQ series, traded every session"
liquid-2026-08-11,2026-08-11,395,RATEGAIN,INE0CLI01024,650993343.08,60,"top 500 by mean daily traded value over 60 sessions ending 2026-08-11; EQ series, traded every session"
liquid-2026-08-11,2026-08-11,396,NATCOPHARM,INE987B01026,650513709.89,60,"top 500 by mean daily traded value over 60 sessions ending 2026-08-11; EQ series, traded every session"
liquid-2026-08-11,2026-08-11,397,SBCL,INE386D01027,644407474.89,60,"top 500 by mean daily traded value over 60 sessions ending 2026-08-11; EQ series, traded every session"
liquid-2026-08-11,2026-08-11,398,GOLDIETF,INF109KC1NT3,638574919.61,60,"top 500 by mean daily traded value over 60 sessions ending 2026-08-11; EQ series, traded every session"
liquid-2026-08-11,2026-08-11,399,AARTIIND,INE769A01020,637537978.00,60,"top 500 by mean daily traded value over 60 sessions ending 2026-08-11; EQ series, traded every session"
liquid-2026-08-11,2026-08-11,400,SHREECEM,INE070A01015,635849000.92,60,"top 500 by mean daily traded value over 60 sessions ending 2026-08-11; EQ series, traded every session"
liquid-2026-08-11,2026-08-11,401,BSOFT,INE836A01035,633185774.40,60,"top 500 by mean daily traded value over 60 sessions ending 2026-08-11; EQ series, traded every session"
liquid-2026-08-11,2026-08-11,402,JNKINDIA,INE0OAF01028,623019624.01,60,"top 500 by mean daily traded value over 60 sessions ending 2026-08-11; EQ series, traded every session"
liquid-2026-08-11,2026-08-11,403,SHAKTIPUMP,INE908D01010,622504073.69,60,"top 500 by mean daily traded value over 60 sessions ending 2026-08-11; EQ series, traded every session"
liquid-2026-08-11,2026-08-11,404,SHYAMMETL,INE810G01011,620636318.83,60,"top 500 by mean daily traded value over 60 sessions ending 2026-08-11; EQ series, traded every session"
liquid-2026-08-11,2026-08-11,405,AWL,INE699H01024,620505762.78,60,"top 500 by mean daily traded value over 60 sessions ending 2026-08-11; EQ series, traded every session"
liquid-2026-08-11,2026-08-11,406,SENCO,INE602W01027,618416043.35,60,"top 500 by mean daily traded value over 60 sessions ending 2026-08-11; EQ series, traded every session"
liquid-2026-08-11,2026-08-11,407,BANKBEES,INF204KB15I9,614099891.04,60,"top 500 by mean daily traded value over 60 sessions ending 2026-08-11; EQ series, traded every session"
liquid-2026-08-11,2026-08-11,408,LIQUIDPLUS,INF769K01MY5,612000361.84,60,"top 500 by mean daily traded value over 60 sessions ending 2026-08-11; EQ series, traded every session"
liquid-2026-08-11,2026-08-11,409,EIEL,INE0LLY01014,611353115.19,60,"top 500 by mean daily traded value over 60 sessions ending 2026-08-11; EQ series, traded every session"
liquid-2026-08-11,2026-08-11,410,DECNGOLD,INE945F01025,607626256.46,60,"top 500 by mean daily traded value over 60 sessions ending 2026-08-11; EQ series, traded every session"
liquid-2026-08-11,2026-08-11,411,ITCHOTELS,INE379A01028,606525405.00,60,"top 500 by mean daily traded value over 60 sessions ending 2026-08-11; EQ series, traded every session"
liquid-2026-08-11,2026-08-11,412,SUVEN,INE495B01038,606141741.62,60,"top 500 by mean daily traded value over 60 sessions ending 2026-08-11; EQ series, traded every session"
liquid-2026-08-11,2026-08-11,413,AVANTIFEED,INE871C01038,603694858.99,60,"top 500 by mean daily traded value over 60 sessions ending 2026-08-11; EQ series, traded every session"
liquid-2026-08-11,2026-08-11,414,HEXT,INE093A01041,600593683.82,60,"top 500 by mean daily traded value over 60 sessions ending 2026-08-11; EQ series, traded every session"
liquid-2026-08-11,2026-08-11,415,BLUEJET,INE0KBH01020,600203826.60,60,"top 500 by mean daily traded value over 60 sessions ending 2026-08-11; EQ series, traded every session"
liquid-2026-08-11,2026-08-11,416,AETHER,INE0BWX01014,600005008.21,60,"top 500 by mean daily traded value over 60 sessions ending 2026-08-11; EQ series, traded every session"
liquid-2026-08-11,2026-08-11,417,KERNEX,INE202H01019,599121557.74,60,"top 500 by mean daily traded value over 60 sessions ending 2026-08-11; EQ series, traded every session"
liquid-2026-08-11,2026-08-11,418,GREAVESCOT,INE224A01026,594703007.28,60,"top 500 by mean daily traded value over 60 sessions ending 2026-08-11; EQ series, traded every session"
liquid-2026-08-11,2026-08-11,419,BBOX,INE676A01027,588748605.47,60,"top 500 by mean daily traded value over 60 sessions ending 2026-08-11; EQ series, traded every session"
liquid-2026-08-11,2026-08-11,420,GOCOLORS,INE0BJS01011,587558530.77,60,"top 500 by mean daily traded value over 60 sessions ending 2026-08-11; EQ series, traded every session"
liquid-2026-08-11,2026-08-11,421,63MOONS,INE111B01023,582682732.35,60,"top 500 by mean daily traded value over 60 sessions ending 2026-08-11; EQ series, traded every session"
liquid-2026-08-11,2026-08-11,422,COROMANDEL,INE169A01031,579383057.38,60,"top 500 by mean daily traded value over 60 sessions ending 2026-08-11; EQ series, traded every session"
liquid-2026-08-11,2026-08-11,423,CEATLTD,INE482A01020,578576306.33,60,"top 500 by mean daily traded value over 60 sessions ending 2026-08-11; EQ series, traded every session"
liquid-2026-08-11,2026-08-11,424,WAKEFIT,INE0E7301029,576922787.45,60,"top 500 by mean daily traded value over 60 sessions ending 2026-08-11; EQ series, traded every session"
liquid-2026-08-11,2026-08-11,425,JKTYRE,INE573A01042,575212024.94,60,"top 500 by mean daily traded value over 60 sessions ending 2026-08-11; EQ series, traded every session"
liquid-2026-08-11,2026-08-11,426,SETFGOLD,INF200KA16D8,571121426.69,60,"top 500 by mean daily traded value over 60 sessions ending 2026-08-11; EQ series, traded every session"
liquid-2026-08-11,2026-08-11,427,SHAREINDIA,INE932X01026,570502317.11,60,"top 500 by mean daily traded value over 60 sessions ending 2026-08-11; EQ series, traded every session"
liquid-2026-08-11,2026-08-11,428,FINOPB,INE02NC01014,567861547.37,60,"top 500 by mean daily traded value over 60 sessions ending 2026-08-11; EQ series, traded every session"
liquid-2026-08-11,2026-08-11,429,FIVESTAR,INE128S01021,567855244.24,60,"top 500 by mean daily traded value over 60 sessions ending 2026-08-11; EQ series, traded every session"
liquid-2026-08-11,2026-08-11,430,FLUOROCHEM,INE09N301011,567841793.37,60,"top 500 by mean daily traded value over 60 sessions ending 2026-08-11; EQ series, traded every session"
liquid-2026-08-11,2026-08-11,431,TATACHEM,INE092A01019,567450206.07,60,"top 500 by mean daily traded value over 60 sessions ending 2026-08-11; EQ series, traded every session"
liquid-2026-08-11,2026-08-11,432,BEML,INE258A01024,564804398.94,60,"top 500 by mean daily traded value over 60 sessions ending 2026-08-11; EQ series, traded every session"
liquid-2026-08-11,2026-08-11,433,WALCHANNAG,INE711A01022,558071217.00,60,"top 500 by mean daily traded value over 60 sessions ending 2026-08-11; EQ series, traded every session"
liquid-2026-08-11,2026-08-11,434,LIQUIDIETF,INF109KC1KT9,558031434.63,60,"top 500 by mean daily traded value over 60 sessions ending 2026-08-11; EQ series, traded every session"
liquid-2026-08-11,2026-08-11,435,LTTS,INE010V01017,557667254.53,60,"top 500 by mean daily traded value over 60 sessions ending 2026-08-11; EQ series, traded every session"
liquid-2026-08-11,2026-08-11,436,MSUMI,INE0FS801015,556033388.80,60,"top 500 by mean daily traded value over 60 sessions ending 2026-08-11; EQ series, traded every session"
liquid-2026-08-11,2026-08-11,437,ANTHEM,INE0CZ201020,555538913.75,60,"top 500 by mean daily traded value over 60 sessions ending 2026-08-11; EQ series, traded every session"
liquid-2026-08-11,2026-08-11,438,BEPL,INE922A01025,554844141.86,60,"top 500 by mean daily traded value over 60 sessions ending 2026-08-11; EQ series, traded every session"
liquid-2026-08-11,2026-08-11,439,MMTC,INE123F01029,552502233.94,60,"top 500 by mean daily traded value over 60 sessions ending 2026-08-11; EQ series, traded every session"
liquid-2026-08-11,2026-08-11,440,SUPRIYA,INE07RO01027,551462671.11,60,"top 500 by mean daily traded value over 60 sessions ending 2026-08-11; EQ series, traded every session"
liquid-2026-08-11,2026-08-11,441,BAJAJHLDNG,INE118A01012,551136677.87,60,"top 500 by mean daily traded value over 60 sessions ending 2026-08-11; EQ series, traded every session"
liquid-2026-08-11,2026-08-11,442,SHREEJISPG,INE1B6101010,549562353.37,60,"top 500 by mean daily traded value over 60 sessions ending 2026-08-11; EQ series, traded every session"
liquid-2026-08-11,2026-08-11,443,GOLDIAM,INE025B01025,548965136.14,60,"top 500 by mean daily traded value over 60 sessions ending 2026-08-11; EQ series, traded every session"
liquid-2026-08-11,2026-08-11,444,NTPCGREEN,INE0ONG01011,548944897.89,60,"top 500 by mean daily traded value over 60 sessions ending 2026-08-11; EQ series, traded every session"
liquid-2026-08-11,2026-08-11,445,TORNTPOWER,INE813H01021,546996366.62,60,"top 500 by mean daily traded value over 60 sessions ending 2026-08-11; EQ series, traded every session"
liquid-2026-08-11,2026-08-11,446,SWSOLAR,INE00M201021,545860061.64,60,"top 500 by mean daily traded value over 60 sessions ending 2026-08-11; EQ series, traded every session"
liquid-2026-08-11,2026-08-11,447,EPACKPEB,INE0MLS01022,544915144.17,60,"top 500 by mean daily traded value over 60 sessions ending 2026-08-11; EQ series, traded every session"
liquid-2026-08-11,2026-08-11,448,ASTERDM,INE914M01019,544761629.88,60,"top 500 by mean daily traded value over 60 sessions ending 2026-08-11; EQ series, traded every session"
liquid-2026-08-11,2026-08-11,449,SUMICHEM,INE258G01013,544693533.25,60,"top 500 by mean daily traded value over 60 sessions ending 2026-08-11; EQ series, traded every session"
liquid-2026-08-11,2026-08-11,450,LANDMARK,INE559R01029,542578056.46,60,"top 500 by mean daily traded value over 60 sessions ending 2026-08-11; EQ series, traded every session"
liquid-2026-08-11,2026-08-11,451,SENORES,INE0RB801010,537696089.03,60,"top 500 by mean daily traded value over 60 sessions ending 2026-08-11; EQ series, traded every session"
liquid-2026-08-11,2026-08-11,452,DREDGECORP,INE506A01018,536034745.08,60,"top 500 by mean daily traded value over 60 sessions ending 2026-08-11; EQ series, traded every session"
liquid-2026-08-11,2026-08-11,453,BLS,INE153T01027,534839269.09,60,"top 500 by mean daily traded value over 60 sessions ending 2026-08-11; EQ series, traded every session"
liquid-2026-08-11,2026-08-11,454,GRWRHITECH,INE291A01017,533788404.58,60,"top 500 by mean daily traded value over 60 sessions ending 2026-08-11; EQ series, traded every session"
liquid-2026-08-11,2026-08-11,455,JINDALSAW,INE324A01032,527889312.84,60,"top 500 by mean daily traded value over 60 sessions ending 2026-08-11; EQ series, traded every session"
liquid-2026-08-11,2026-08-11,456,AFFLE,INE00WC01027,527601660.65,60,"top 500 by mean daily traded value over 60 sessions ending 2026-08-11; EQ series, traded every session"
liquid-2026-08-11,2026-08-11,457,CREDITACC,INE741K01010,526687919.79,60,"top 500 by mean daily traded value over 60 sessions ending 2026-08-11; EQ series, traded every session"
liquid-2026-08-11,2026-08-11,458,FIRSTCRY,INE02RE01045,525652758.47,60,"top 500 by mean daily traded value over 60 sessions ending 2026-08-11; EQ series, traded every session"
liquid-2026-08-11,2026-08-11,459,AFCONS,INE101I01011,523224342.08,60,"top 500 by mean daily traded value over 60 sessions ending 2026-08-11; EQ series, traded every session"
liquid-2026-08-11,2026-08-11,460,BORORENEW,INE666D01022,518490904.51,60,"top 500 by mean daily traded value over 60 sessions ending 2026-08-11; EQ series, traded every session"
liquid-2026-08-11,2026-08-11,461,SYNGENE,INE398R01022,516166791.12,60,"top 500 by mean daily traded value over 60 sessions ending 2026-08-11; EQ series, traded every session"
liquid-2026-08-11,2026-08-11,462,MANYAVAR,INE825V01034,507654795.96,60,"top 500 by mean daily traded value over 60 sessions ending 2026-08-11; EQ series, traded every session"
liquid-2026-08-11,2026-08-11,463,TENNIND,INE19RI01016,506523919.90,60,"top 500 by mean daily traded value over 60 sessions ending 2026-08-11; EQ series, traded every session"
liquid-2026-08-11,2026-08-11,464,BAJAJCON,INE933K01021,506327359.74,60,"top 500 by mean daily traded value over 60 sessions ending 2026-08-11; EQ series, traded every session"
liquid-2026-08-11,2026-08-11,465,ACE,INE731H01025,502615359.76,60,"top 500 by mean daily traded value over 60 sessions ending 2026-08-11; EQ series, traded every session"
liquid-2026-08-11,2026-08-11,466,AEGISVOPAK,INE0INX01018,502553387.98,60,"top 500 by mean daily traded value over 60 sessions ending 2026-08-11; EQ series, traded every session"
liquid-2026-08-11,2026-08-11,467,DEVYANI,INE872J01023,501613950.31,60,"top 500 by mean daily traded value over 60 sessions ending 2026-08-11; EQ series, traded every session"
liquid-2026-08-11,2026-08-11,468,ASIANTILES,INE022I01019,500568524.73,60,"top 500 by mean daily traded value over 60 sessions ending 2026-08-11; EQ series, traded every session"
liquid-2026-08-11,2026-08-11,469,HUDCO,INE031A01017,499937238.56,60,"top 500 by mean daily traded value over 60 sessions ending 2026-08-11; EQ series, traded every session"
liquid-2026-08-11,2026-08-11,470,RICOAUTO,INE209B01025,498127511.20,60,"top 500 by mean daily traded value over 60 sessions ending 2026-08-11; EQ series, traded every session"
liquid-2026-08-11,2026-08-11,471,ASHAPURMIN,INE348A01023,496865358.35,60,"top 500 by mean daily traded value over 60 sessions ending 2026-08-11; EQ series, traded every session"
liquid-2026-08-11,2026-08-11,472,ROUTE,INE450U01017,495766543.96,60,"top 500 by mean daily traded value over 60 sessions ending 2026-08-11; EQ series, traded every session"
liquid-2026-08-11,2026-08-11,473,KIMS,INE967H01025,493742007.44,60,"top 500 by mean daily traded value over 60 sessions ending 2026-08-11; EQ series, traded every session"
liquid-2026-08-11,2026-08-11,474,SOTL,INE035D01020,493161494.37,60,"top 500 by mean daily traded value over 60 sessions ending 2026-08-11; EQ series, traded every session"
liquid-2026-08-11,2026-08-11,475,EMSLIMITED,INE0OV601013,493086873.82,60,"top 500 by mean daily traded value over 60 sessions ending 2026-08-11; EQ series, traded every session"
liquid-2026-08-11,2026-08-11,476,VOLTAMP,INE540H01012,491618131.62,60,"top 500 by mean daily traded value over 60 sessions ending 2026-08-11; EQ series, traded every session"
liquid-2026-08-11,2026-08-11,477,APOLLOTYRE,INE438A01022,490694429.72,60,"top 500 by mean daily traded value over 60 sessions ending 2026-08-11; EQ series, traded every session"
liquid-2026-08-11,2026-08-11,478,HDBFS,INE756I01012,486239283.07,60,"top 500 by mean daily traded value over 60 sessions ending 2026-08-11; EQ series, traded every session"
liquid-2026-08-11,2026-08-11,479,AIAENG,INE212H01026,485635344.75,60,"top 500 by mean daily traded value over 60 sessions ending 2026-08-11; EQ series, traded every session"
liquid-2026-08-11,2026-08-11,480,HAPPSTMNDS,INE419U01012,484701208.89,60,"top 500 by mean daily traded value over 60 sessions ending 2026-08-11; EQ series, traded every session"
liquid-2026-08-11,2026-08-11,481,AIIL,INE206F01022,484686723.67,60,"top 500 by mean daily traded value over 60 sessions ending 2026-08-11; EQ series, traded every session"
liquid-2026-08-11,2026-08-11,482,UNICHEMLAB,INE351A01035,484090197.00,60,"top 500 by mean daily traded value over 60 sessions ending 2026-08-11; EQ series, traded every session"
liquid-2026-08-11,2026-08-11,483,AVANTEL,INE005B01027,482414397.53,60,"top 500 by mean daily traded value over 60 sessions ending 2026-08-11; EQ series, traded every session"
liquid-2026-08-11,2026-08-11,484,LIQUIDADD,INF740KA1UM0,481122542.58,60,"top 500 by mean daily traded value over 60 sessions ending 2026-08-11; EQ series, traded every session"
liquid-2026-08-11,2026-08-11,485,SBC,INE04AK01028,479160342.67,60,"top 500 by mean daily traded value over 60 sessions ending 2026-08-11; EQ series, traded every session"
liquid-2026-08-11,2026-08-11,486,DALBHARAT,INE00R701025,478351585.01,60,"top 500 by mean daily traded value over 60 sessions ending 2026-08-11; EQ series, traded every session"
liquid-2026-08-11,2026-08-11,487,IRCTC,INE335Y01020,477816069.84,60,"top 500 by mean daily traded value over 60 sessions ending 2026-08-11; EQ series, traded every session"
liquid-2026-08-11,2026-08-11,488,CENTRALBK,INE483A01010,475440163.75,60,"top 500 by mean daily traded value over 60 sessions ending 2026-08-11; EQ series, traded every session"
liquid-2026-08-11,2026-08-11,489,DYCL,INE600Y01019,475174626.05,60,"top 500 by mean daily traded value over 60 sessions ending 2026-08-11; EQ series, traded every session"
liquid-2026-08-11,2026-08-11,490,ARVIND,INE034A01011,474644563.35,60,"top 500 by mean daily traded value over 60 sessions ending 2026-08-11; EQ series, traded every session"
liquid-2026-08-11,2026-08-11,491,JINDWORLD,INE247D01039,474441052.05,60,"top 500 by mean daily traded value over 60 sessions ending 2026-08-11; EQ series, traded every session"
liquid-2026-08-11,2026-08-11,492,SEDEMAC,INE00XB01019,471047545.49,60,"top 500 by mean daily traded value over 60 sessions ending 2026-08-11; EQ series, traded every session"
liquid-2026-08-11,2026-08-11,493,TBZ,INE760L01018,470388187.18,60,"top 500 by mean daily traded value over 60 sessions ending 2026-08-11; EQ series, traded every session"
liquid-2026-08-11,2026-08-11,494,IGL,INE203G01027,464799131.97,60,"top 500 by mean daily traded value over 60 sessions ending 2026-08-11; EQ series, traded every session"
liquid-2026-08-11,2026-08-11,495,RAYMONDREL,INE1SY401010,464337941.71,60,"top 500 by mean daily traded value over 60 sessions ending 2026-08-11; EQ series, traded every session"
liquid-2026-08-11,2026-08-11,496,KWIL,INE2KCE01013,463089918.60,60,"top 500 by mean daily traded value over 60 sessions ending 2026-08-11; EQ series, traded every session"
liquid-2026-08-11,2026-08-11,497,DEEPAKNTR,INE288B01029,463008491.93,60,"top 500 by mean daily traded value over 60 sessions ending 2026-08-11; EQ series, traded every session"
liquid-2026-08-11,2026-08-11,498,NELCO,INE045B01015,461945570.26,60,"top 500 by mean daily traded value over 60 sessions ending 2026-08-11; EQ series, traded every session"
liquid-2026-08-11,2026-08-11,499,JWL,INE209L01016,459974087.15,60,"top 500 by mean daily traded value over 60 sessions ending 2026-08-11; EQ series, traded every session"
liquid-2026-08-11,2026-08-11,500,PANACEABIO,INE922B01023,458936913.01,60,"top 500 by mean daily traded value over 60 sessions ending 2026-08-11; EQ series, traded every session"
